genus,mse_log,r2_log,mse_raw,r2_raw,pred_raw
Cyprinella,1.9981454161336427,0.1494014709756213,491.9826823674463,0.30517661571502686,"[1.23545043e-01 8.08716938e-02 7.13199615e-01 2.13863897e+00
 7.00972676e-01 9.79688048e-01 2.13569784e+00 8.36882591e-02
 4.21951860e-01 4.20619279e-01 4.07997519e-03 4.07997519e-03
 2.90471494e-01 2.64800644e+01 2.80855408e+01 3.52214279e+01
 1.81194305e+00 1.62605858e+00 8.52174282e+00 7.92526245e-01
 1.50302105e+01 1.16137028e+00 1.20251544e-03 1.27566814e+00
 2.00755978e+00 1.26329231e+00 4.44751173e-01 7.85151720e-01
 4.53214188e+01 5.82939386e-01 3.24292088e+00 2.48024559e+00
 2.20313835e+01 1.74136086e+01 1.78482533e+00 7.77029514e+00
 7.89941692e+00 3.17629337e+00 3.58865881e+00 3.30751371e+00
 3.27393389e+00 4.97585583e+00 3.70291948e+00 1.37868285e+00
 7.01704383e-01 1.07812285e+00]"
Moxostoma,0.026284543287182324,-0.024034715293506537,0.08700230981407141,-0.022760391235351562,"[-2.3428227e-05 -5.6326858e-06 -5.6326858e-06 -5.6326858e-06
 -2.3428227e-05 -5.6326858e-06 -5.6326858e-06 -5.6326858e-06
 -2.3428227e-05 -2.3428227e-05 -6.0494453e-06 -6.0494453e-06
 -6.0494453e-06 -1.9067669e-05 -1.9067669e-05 -1.9067669e-05
 -6.7050671e-05 -2.6342688e-05  4.0230044e-04  1.3637140e-04
  3.2996794e-03 -6.2123938e-05 -1.3262334e-05 -2.4273589e-02
 -1.2720226e-03  1.0624899e-02  9.3394294e-03  3.2754251e-04
  0.0000000e+00  0.0000000e+00  0.0000000e+00  0.0000000e+00
  0.0000000e+00  0.0000000e+00  0.0000000e+00  0.0000000e+00
  0.0000000e+00  1.3785128e-02  8.1154415e-03 -2.1145601e-02
 -2.4144365e-03 -2.4273962e-02  4.2088545e-04 -2.4181458e-03
 -5.5847695e-06 -1.3615955e-04]"
t_genus,0.11451003564149437,-0.030356964954427523,5.725807045449345,-0.07295501232147217,"[4.8284388 3.946322  4.3632054 4.8628216 5.4302807 4.4315267 4.8628216
 3.4917445 4.2795396 4.2797294 3.997899  4.0140533 4.427151  9.024485
 5.4516745 6.004835  5.1645226 5.174243  8.711076  6.0904155 6.4349365
 6.1535354 2.9919105 7.629431  8.151423  7.566288  7.6481514 7.9761
 8.254664  6.2605476 7.315501  7.5096846 6.6705008 6.924974  7.1255884
 7.2036486 6.7577176 7.5564337 7.5332146 7.6940565 5.2429466 5.2237015
 6.196021  5.1043224 5.3830857 5.3295245]"
Minytrema,0.11093679001725047,-0.046642973272322585,0.8206041986850738,-0.013659358024597168,"[-1.31384022e-05  2.07688281e-05  6.70985628e-06 -1.02693557e-05
 -4.80533963e-05 -1.46597245e-04 -1.02693557e-05  6.70985628e-06
 -1.31384022e-05 -1.31384022e-05 -4.86112185e-05 -4.86112185e-05
 -2.06324598e-03  4.16371614e-01  1.27087504e-01  1.27663374e-01
 -1.00116599e-02  1.14365064e-01  8.02516413e-04 -5.94107155e-03
  3.56505029e-02 -3.01439175e-03  6.37450285e-05 -1.35959778e-02
  3.10761277e-02  4.52053547e-02  4.41990234e-02  1.75090786e-02
  4.43834625e-02  1.52328208e-01  8.75995159e-02 -4.96690767e-03
 -7.62928231e-03  5.18254042e-02  4.85525467e-02  2.87028588e-02
  7.91464075e-02  2.46763423e-01  1.49067849e-01  4.91505712e-01
  2.59495582e-02  1.55722853e-02  3.50922979e-02  9.52363014e-03
 -2.07210090e-02  1.11386724e-01]"
Lepisosteus,0.022168714008716648,-0.10948789909877088,0.04506489875990894,-0.08360600471496582,"[-0.03411531 -0.04126284  0.0864097   0.02867723  0.06154822  0.02489704
  0.02867723  0.08637527 -0.01376058 -0.01376058  0.00028541  0.00028541
  0.00028901  0.002156   -0.00249364 -0.00279123 -0.00094499  0.01181311
  0.00231676 -0.00079816 -0.00524973 -0.00022379  0.00015564  0.00851287
  0.01081555 -0.00381442  0.02084474 -0.01867127 -0.00069423 -0.00027845
 -0.00522086 -0.00057766 -0.00729239 -0.00221542 -0.01175608  0.01579541
 -0.01642201 -0.00474724 -0.00021389 -0.01708297  0.01037668  0.0147421
 -0.01239136 -0.02263998  0.02046299  0.02253057]"
Erimyzon,0.23179559403637554,-0.11735581209641954,1.882726257814099,-0.07671606540679932,"[ 2.61337380e-03  2.22789822e-03  2.67432677e-03 -1.42016441e-01
  9.92486894e-05 -1.19268778e-03 -1.42016441e-01  2.94350623e-03
  5.38703287e-03  5.38703287e-03  3.53269061e-05  3.53269061e-05
 -5.10641024e-04  3.45752254e-04  1.36184657e-03  1.34905765e-03
  8.06731812e-04 -1.65466859e-03  2.40686233e-03  6.60635487e-05
 -6.89084502e-03 -4.23468940e-04  6.60635487e-05  3.33344221e-01
 -2.31106132e-02  3.86161149e-01  3.67449433e-01  3.70730227e-03
  9.62831359e-03  8.33136681e-03  4.05902475e-01 -3.71815055e-04
  8.18614353e-05 -1.33527955e-02 -1.49042867e-02  4.25932556e-02
  4.45319489e-02  0.00000000e+00  0.00000000e+00  0.00000000e+00
  0.00000000e+00  0.00000000e+00  0.00000000e+00  0.00000000e+00
  0.00000000e+00  0.00000000e+00]"
Fundulus,1.5460427650889463,-0.13083848755589877,83.52606983762288,-0.17760705947875977,"[-0.02670581  0.0767312   0.10235916  1.0571561   0.3805926   0.10889328
  1.0571561   0.14572941  0.07595719  0.07595719  2.9970567   2.9970567
  2.4825609   7.0097485   8.159779    7.9160147   0.36607677  0.3760323
  8.16771     1.6467211   7.0794134   1.1697543  12.939802    2.2454057
  2.3564403   2.4977033   3.0307155   2.1861985   1.3316016   3.8889604
  7.7429028   0.39722604  9.539833    2.5031936   0.32291442 -0.21003206
  0.2379187   3.9348283   3.5708022   1.09777     0.25367048  0.99825025
  0.8892741   0.32782072  0.34208268  0.47762376]"
Campostoma,2.5322523741754193,-0.17648791105105754,267.49035277266546,-0.08756804466247559,"[ 6.17407680e-01  1.30333018e+00  8.29174042e-01  5.95583320e-01
  1.89470005e+00  8.32834721e-01  5.90050459e-01  7.70458341e-01
  5.24859190e-01  5.19571543e-01  1.27319538e-03  2.72342819e-03
  1.42630291e+00  6.02727604e+00  1.47244463e+01  1.47849360e+01
 -4.68926355e-02  1.99286535e-01  2.61294818e+00  1.00670700e+01
  4.63209438e+00  4.53107262e+00  2.99155474e+00  3.83181810e+00
  3.22199965e+00  3.73865175e+00  3.25836754e+00  2.57599115e+00
  2.93244743e+00  1.19971015e-01  6.69801593e-01  1.23949394e+01
  4.66391039e+00  5.52251387e+00  2.74964666e+00  3.78031254e+00
  3.65383530e+00  3.71546209e-01  1.81401387e-01  4.43860114e-01
  1.12735271e+00  8.08974624e-01  1.78494260e-01  3.16493654e+00
  2.09760046e+00  2.47949338e+00]"
Etheostoma,3.330141807932162,-0.21575251697469633,1310.115474143228,-0.3960498571395874,"[ 7.07582831e-01  8.79378438e-01  1.21674137e-02  1.04639769e+00
  1.00019655e+01  9.35960054e-01  1.04639769e+00  1.08334191e-01
  1.10729173e-01  1.10729173e-01  7.49626770e+01  7.45733871e+01
  2.45251942e+01  7.09429309e-02  2.83649951e-01  2.04777569e-01
  2.24124122e+00  2.20291519e+00  2.55422440e+01  7.51954675e-01
  1.07919067e-01  1.07135057e+00  1.21630758e-01  1.36951380e+01
  1.28872833e+01  1.11897717e+01  1.10883408e+01  2.29843674e+01
  5.10075378e+00  2.60188236e+01  4.93823624e+00  3.13038254e+00
 -7.55017344e-03  1.76060796e+00  1.75887871e+01  1.68541374e+01
  1.84817085e+01  4.16013527e+00  4.45262432e+00  2.74645281e+00
  1.61086583e+00  1.70697403e+00  2.04270720e+00  7.63745403e+00
  4.45792389e+00  2.04881859e+00]"
Esox,0.035624930526669416,-0.21626737393664364,0.07141836807573551,-0.17148244380950928,"[ 3.12179094e-03 -9.63609258e-04 -3.90638481e-04  4.41719359e-03
 -1.21187011e-03 -8.66031114e-05  4.41719359e-03  1.08367465e-04
 -5.13096107e-04 -5.13096107e-04  1.20754512e-05  1.20754512e-05
  5.89810188e-05  3.12776610e-05 -2.56360683e-04 -2.43712275e-04
  9.65202998e-05  9.65202998e-05  1.60084839e-03  4.01377074e-05
 -9.62782768e-04  5.52018946e-06 -4.95283457e-05  3.61130983e-02
  2.39240900e-01 -2.90071834e-02 -1.92465317e-02 -5.68136526e-03
  6.68748736e-01  3.40696983e-02  2.60002948e-02  2.55526538e-05
  2.55526538e-05  2.56699597e-04 -7.61265110e-04 -5.25387819e-04
 -4.29165026e-04  2.67332047e-01  1.75150663e-01  9.53364223e-02
  1.20888852e-01 -5.86628821e-03 -6.97642332e-03  1.66287888e-02
  2.80834560e-04  1.21030360e-01]"
Gambusia,3.128230226436773,-0.2471386295272946,2153.7089403290784,-0.23573791980743408,"[ 3.8308401e+00  4.0853786e+00  1.1615927e+01  8.2469826e+00
  2.8253195e+00  5.8659496e+00  8.2480164e+00  3.9585662e+00
  9.1652565e+00  9.1666651e+00  9.9937642e-01  9.9937642e-01
  1.2166965e+00  2.1641588e+01  1.2010117e+01  9.0572119e+00
  1.2537444e+01  1.5456118e+01  2.8582125e+01  2.3193798e+00
  3.3706509e+01  2.2782167e+01 -2.6599359e-02  9.1333323e+00
  1.0318797e+01  1.0739870e+01  1.0720252e+01  1.0480834e+01
  8.5705767e+00  2.3101736e+01  4.4979298e+01  2.3573024e+00
  1.5626898e+00  1.1031957e+00  2.6003407e+01  1.8205956e+01
  5.3688550e+00  5.4192672e+00  7.4995422e+00  4.7653494e+00
  2.4080467e+00  1.6753519e+00  1.4023564e+00  1.6398988e+00
  1.1577883e+00  2.1228156e+00]"
Micropterus,0.386630890682542,-0.2957838267587656,2.207477867684983,-0.24229323863983154,"[ 1.3484555e-01 -3.7890173e-02 -3.6324386e-02  5.9104569e-02
  2.6790285e-01  2.4340102e-02  5.9104569e-02 -4.8772696e-02
  6.9415927e-02  7.7742271e-02 -7.1698113e-04 -7.1698113e-04
  8.6732037e-02  9.8654914e-01  3.9933273e-01  5.4844129e-01
 -2.1083970e-02 -2.2892313e-02  2.3693738e+00  2.6450047e-01
  4.9654859e-01  1.4615656e-01 -1.4590338e-02  3.9185044e-01
  5.4870582e-01  5.9912550e-01  7.2387362e-01  1.0489528e+00
  9.1914392e-01 -1.2387104e-02  9.5055424e-02  6.6895559e-02
  3.5582858e-04 -1.2169860e-02  5.1414049e-01  3.6331975e-01
  3.4944344e-01  1.8525022e-01  6.0317278e-01  2.5248924e-01
 -1.6929422e-02  2.5951523e-01  2.9345030e-01  5.2615654e-02
  2.7076563e-02  5.2088935e-02]"
Notropis,1.4939032628717266,-0.32673391383836714,104.66134791219392,0.14829963445663452,"[ 3.7528124e-01  2.5136647e-01 -2.5517447e-02  1.0486267e-01
  9.9746370e-01  1.9608755e-01  1.6956787e-01  9.6646130e-02
  2.0183520e-01  3.6286283e-01  4.9154065e-04  1.2643626e-03
  4.6977576e-02  9.4595137e+00  9.4511614e+00  4.0825958e+01
 -1.8589976e-01 -5.2867442e-02  7.0544469e-01  2.3460553e+00
  1.6608852e+01  4.2275691e+00  2.4285482e-03  3.2905669e+00
  1.9643133e+00  3.2555838e+00  2.2135804e+00  4.2152938e-01
  2.4946399e+00  2.5337115e-02  6.8027830e-01  2.3618229e+01
  2.1800261e+01  2.4574390e+01  6.8398976e+00  4.1151457e+00
  1.7483926e+00  5.5737956e-03  1.7549595e-02  3.2633251e-01
  6.0249996e-01  7.2038257e-01  6.9470656e-01  5.6296289e-01
  2.0466350e-01  5.9951019e-01]"
Aphredoderus,0.14225100882910352,-0.3849402202980794,0.5665496271297864,-0.26457738876342773,"[-2.68166186e-03  2.60759261e-03 -5.25039795e-04  6.84150169e-03
  1.37898198e-03  3.41626792e-03  6.84150169e-03 -1.39245042e-03
 -3.05898674e-03 -3.05898674e-03  7.38469566e-07  7.38469566e-07
 -9.17151937e-08  2.96720606e-03 -7.71331834e-04  6.45008758e-02
 -1.01386674e-01 -9.67150927e-03 -3.97236971e-03  0.00000000e+00
  0.00000000e+00  0.00000000e+00  0.00000000e+00  0.00000000e+00
  0.00000000e+00  0.00000000e+00  0.00000000e+00  0.00000000e+00
  2.12924532e-03  4.96059328e-01  4.70563233e-01  8.69298168e-03
  1.52816828e-02 -1.06844697e-02  9.52440351e-02  1.17471153e-02
 -1.31566096e-02  9.17370841e-02  1.17873073e-01  1.87752509e+00
  9.41318572e-02  4.45820875e-02 -6.08581875e-04  4.64851037e-02
  3.69194313e-03  9.39895138e-02]"
Labidesthes,0.6913062073406815,-0.40775481938106184,31.118318335629173,-0.07318520545959473,"[-1.6525682e-02  1.1193355e-05 -3.5479595e-04 -8.9196721e-03
 -1.6316716e-02 -4.3934681e-03 -8.9196721e-03 -4.9685728e-04
 -7.4583865e-03 -7.4583865e-03 -3.3880596e-04 -3.9548363e-04
 -3.6308568e-02  2.3577702e+00  5.0649881e-01  3.1204587e-01
 -7.0550427e-02  4.6123773e-01  4.8281398e-02 -4.5158438e-02
  5.6515895e-03  3.3034984e-04  1.5100541e-03  8.9972606e-03
  1.8606966e-02  1.6436813e-02 -8.8560552e-04 -6.1430677e-04
  3.3771001e-02  5.8005953e-01  6.7577434e-01 -2.4099261e-02
 -3.7422102e-02  1.8104446e-01  1.1587941e-01  4.3504941e-01
  2.6802143e-01  3.1788745e+00  3.1827402e+00  2.7266338e-01
  5.7406873e-02  1.3744365e-01  9.4052583e-02  1.1423230e-01
  6.2361944e-01  1.0772307e+00]"
Pimephales,3.384054302141449,-0.5490839135673613,544.0779648048645,-0.15743005275726318,"[ 6.33067489e-01 -9.07228664e-02  2.02436924e-01  3.64345264e+00
  4.13158083e+00  2.84865171e-01  4.83810902e+00  4.62158173e-01
  2.31500626e+00  2.87423944e+00  1.30532039e-02  1.30532039e-02
  4.53196377e-01  8.60588837e+00  7.81454372e+00  6.73393536e+00
  2.27716327e+00  3.55452776e+00  4.76449108e+00  7.31058836e-01
  8.51472855e+00  1.33244491e+00 -2.51059942e-02  6.47645903e+00
  1.81429920e+01  2.36246033e+01  1.44344831e+00  2.63985176e+01
  8.63681507e+00  7.71194696e-01  3.47853851e+00  1.09121895e+00
  7.57943535e+00  2.10492277e+00  2.08170652e+00  2.63974595e+00
  1.01662884e+01  6.52131462e+00  1.79972076e+00  2.17733359e+00
  1.59590187e+01  5.53121662e+00  7.36012745e+00  1.75840454e+01
  1.10583315e+01  1.24319248e+01]"
Percina,0.7028968669211156,-0.5676977345688812,14.764991250575912,-0.6606987714767456,"[-1.18602633e-01 -1.44348398e-01 -2.75722216e-03  9.83263627e-02
  5.16508579e-01  8.38976577e-02  2.47910902e-01 -1.21037595e-01
  2.80024558e-02  2.80336648e-01 -1.40718970e-04 -1.40718970e-04
  6.70962408e-02  3.88645142e-01  3.92943978e-01  3.99576753e-01
  1.27481654e-01  6.07716680e-01  6.68233514e-01 -3.83992866e-02
  2.20936686e-02 -3.02842166e-02 -4.08624532e-04  2.34364033e-01
  2.57695794e-01  2.58893430e-01  2.17382118e-01  6.11263990e-01
  1.90571175e+01  8.76042843e-01  1.46668291e+00  1.16958387e-01
  1.84428692e-01  3.82220596e-01  1.23714709e+00  1.72680354e+00
  1.64391494e+00  1.30276299e+00  1.24069381e+00  4.17228937e+00
  2.50068331e+00  3.48409986e+00  3.47661686e+00  2.24708056e+00
  7.69843459e-01  2.27216268e+00]"
Lepomis,1.9166731890619348,-0.6836821342614019,1192.9299611150914,-0.5438578128814697,"[10.601965  15.193945   7.3748436 16.654673  12.121556   1.9108827
 16.654673  11.056561   9.507046   9.507046  10.7475815 10.758969
 16.830362  13.62236   31.039124  17.759851  38.968964  43.58966
  6.633098   7.361971  17.570053  12.875392  46.906685  18.212698
 21.84982   19.2831    21.325298  16.923077  55.601746   9.905707
 32.619602  37.80624   31.457325  18.95366    9.516985   9.476808
 19.671726  25.79499   36.46588   26.525913  33.335583  38.49066
 43.743256  23.586514  20.16107   37.52056  ]"
Aplodinotus,0.034635343156277705,-0.7334110629021606,0.06243219465407764,-0.5012106895446777,"[ 0.0000000e+00  0.0000000e+00  0.0000000e+00  0.0000000e+00
  0.0000000e+00  0.0000000e+00  0.0000000e+00  0.0000000e+00
  0.0000000e+00  0.0000000e+00  1.8724792e-04  1.8724792e-04
  8.9356792e-05  2.0951205e-01  1.0382584e-01  1.1824041e-01
 -3.3006698e-03  2.1916461e-01 -1.3669141e-01 -2.8473565e-03
  3.6497999e-03  1.0029936e-03 -2.9328107e-04 -6.0183029e-03
 -3.7759827e-03 -3.7060557e-03 -8.5921818e-03 -6.3955202e-03
  4.9183689e-02  5.3906266e-02  4.7414184e-02 -3.0631258e-03
 -3.9705527e-03  3.4148730e-02  2.3013925e-02  5.7201218e-02
  3.9632656e-02  1.5388562e-01 -1.4003398e-03  3.0634657e-01
  3.1292769e-01  1.6995157e-01  2.2302654e-02  1.9502346e-01
  2.2895949e-01  6.2198555e-01]"
t_population,0.8479528837357205,-0.7533343588084083,7495.180783910189,-0.4747920036315918,"[ 72.684875  39.1132    87.56739   30.670464  74.197426   9.421616
  30.670464  73.6169    68.27957   68.28565  101.72257  101.72257
  82.92508  173.22266  149.36409  174.83752   87.40717   62.83128
 206.86916   60.830738 156.71289  128.07855   61.738552  41.7558
  44.857876  43.07248   43.176975  43.553955 115.66203  101.7674
 155.18983  110.40226  144.08194   26.588211  86.558716  89.579895
  91.65863  123.8249   130.79875  132.6813    99.49988   99.79715
  76.583374  87.778336  76.400986  94.24743 ]"
Notemigonus,0.16280530605284163,-0.8951246382516143,0.817784020494367,-0.4504868984222412,"[-2.79060304e-02 -1.10239640e-03  2.83218047e-04 -6.09006593e-03
 -2.79314630e-02 -4.04751115e-03 -6.06989861e-03 -1.87356243e-04
 -3.01298359e-03 -2.99275387e-03 -1.14622889e-02 -6.38966216e-03
  9.95973572e-02 -7.88540021e-03 -1.16358940e-02 -6.88298494e-02
  1.11903049e-01 -3.17470506e-02  1.06185870e-02  2.94714337e-05
  5.39494213e-03  6.45573455e-05  1.81605861e-01  1.51945040e-01
  1.50600404e-01 -8.36599385e-04 -5.53555926e-03 -6.80208486e-03
  1.34701788e-01  8.77588511e-01  7.03979850e-01 -1.13146365e-04
  1.01935631e-03  2.92832241e-03 -1.67624268e-04  2.05850718e-03
 -5.53603936e-03  2.79805827e+00  1.51630759e+00  1.61289016e-03
  6.14280701e-01  1.51890546e-01  4.40380424e-01  7.07120225e-02
 -1.10283112e-02  2.80128103e-02]"
Nototropis,0.5972348903098172,-0.9011229311299358,5.8590211756731705,-0.3533116579055786,"[ 4.2371348e-02  4.7385298e-02  1.1680435e-02  5.5136338e-02
  7.2728567e-02  4.6838921e-01  5.3563032e-02  1.7068272e-02
  4.8900625e-01  4.8903936e-01  4.8551412e-04  4.8551412e-04
  1.2776661e-02 -4.7035948e-03 -5.2577700e-04  2.6166246e-03
  7.1676425e-03  1.2352546e-02  4.3056872e-02  4.4782963e-02
  5.5853128e-02  5.1710539e-04 -7.8507182e-05  2.7692671e+00
  3.1519809e-01  3.0209002e+00  2.7215073e+00  2.2687571e-01
  2.0835805e-01 -2.9654407e-03  5.4634094e-01  3.0958360e-02
  8.4847949e-02  7.6189391e-02  3.8170881e+00  3.7250605e+00
  8.0002689e-01  0.0000000e+00  0.0000000e+00  0.0000000e+00
  0.0000000e+00  0.0000000e+00  0.0000000e+00  0.0000000e+00
  0.0000000e+00  0.0000000e+00]"
Ellasoma,0.03949000447076855,-0.9763745465094056,0.07853240790578865,-0.8883477449417114,"[-1.80354540e-03 -5.43575625e-05 -2.54018232e-04 -2.73032580e-03
 -1.88961742e-03 -2.10991944e-03 -2.73032580e-03  1.80035742e-04
 -1.84791710e-03 -1.84791710e-03  1.56706319e-05  1.56706319e-05
  1.56706319e-05 -4.34728327e-06 -1.26644896e-04 -2.11484410e-04
 -1.34553306e-03  7.18951877e-03 -2.92685610e-04  0.00000000e+00
  0.00000000e+00  0.00000000e+00  0.00000000e+00  0.00000000e+00
  0.00000000e+00  0.00000000e+00  0.00000000e+00  0.00000000e+00
  1.15520332e-03  8.78004193e-01  8.78398895e-01 -1.40947861e-06
 -1.40947861e-06 -5.24996867e-05 -1.40947861e-06 -1.40947861e-06
 -1.40947861e-06  1.96273744e-01  9.27752033e-02  4.02381532e-02
  6.87856078e-02 -2.79365596e-03  5.19703201e-04  1.08550094e-01
  1.55879479e-05  6.82223961e-02]"
Semotilus,0.02184823048773432,-1.138299312097736,0.04001199720322456,-0.8814529180526733,"[-6.1337813e-04 -5.2057709e-05 -2.1295946e-05 -3.7595767e-03
 -6.3899328e-04 -3.7833303e-03 -3.7595767e-03 -4.1101182e-05
 -1.1718628e-04 -1.1718628e-04 -1.4228413e-05 -1.4228413e-05
  1.0138737e-04 -1.4228413e-05 -6.3793064e-05 -6.3793064e-05
  2.6845615e-03  2.7584916e-04 -2.1163120e-04  4.2843963e-05
  6.8936296e-02  4.3991367e-05  1.2854010e-06  9.4394773e-02
  3.3451790e-01  7.5233340e-01  1.8688846e-01  3.3758515e-01
 -6.0546128e-03  7.6804432e-04 -1.5112242e-03 -1.9428349e-05
 -1.9428349e-05 -4.4233623e-04 -4.4616776e-05 -4.4616776e-05
 -4.4616776e-05  0.0000000e+00  0.0000000e+00  0.0000000e+00
  0.0000000e+00  0.0000000e+00  0.0000000e+00  0.0000000e+00
  0.0000000e+00  0.0000000e+00]"
Macrohybopsis,0.02546052576165013,-1.4918367989731358,0.04826807284000612,-1.2696716785430908,"[ 0.0000000e+00  0.0000000e+00  0.0000000e+00  0.0000000e+00
  0.0000000e+00  0.0000000e+00  0.0000000e+00  0.0000000e+00
  0.0000000e+00  0.0000000e+00  2.6460525e-04  2.6460525e-04
  1.4486385e-03  2.0034111e-03  7.1442649e-02  7.0303321e-02
 -4.7563355e-02 -2.4018409e-02  3.4897141e-05  1.0061584e-04
  6.9078984e-04 -4.0146347e-02 -1.4117851e-04  2.8983252e-02
  4.9117006e-02  2.8433917e-02  3.1405404e-02  5.7033498e-02
  8.1007695e-04  2.6852019e-02  3.4720574e-02  7.9997617e-04
  1.6759246e-04  7.6053172e-02 -8.7317780e-02  4.8107892e-02
  8.0229044e-01  6.0436867e-02  1.9686982e-02 -2.0287891e-03
 -2.8189369e-03 -2.5446299e-03 -1.2334388e-04  7.2945058e-01
 -5.4814499e-03 -4.4002347e-03]"
Cyprinus,0.02546052576165013,-1.4918367989731358,0.04826807284000612,-1.2696716785430908,"[ 0.0000000e+00  0.0000000e+00  0.0000000e+00  0.0000000e+00
  0.0000000e+00  0.0000000e+00  0.0000000e+00  0.0000000e+00
  0.0000000e+00  0.0000000e+00  2.6460525e-04  2.6460525e-04
  1.4486385e-03  2.0034111e-03  7.1442649e-02  7.0303321e-02
 -4.7563355e-02 -2.4018409e-02  3.4897141e-05  1.0061584e-04
  6.9078984e-04 -4.0146347e-02 -1.4117851e-04  2.8983252e-02
  4.9117006e-02  2.8433917e-02  3.1405404e-02  5.7033498e-02
  8.1007695e-04  2.6852019e-02  3.4720574e-02  7.9997617e-04
  1.6759246e-04  7.6053172e-02 -8.7317780e-02  4.8107892e-02
  8.0229044e-01  6.0436867e-02  1.9686982e-02 -2.0287891e-03
 -2.8189369e-03 -2.5446299e-03 -1.2334388e-04  7.2945058e-01
 -5.4814499e-03 -4.4002347e-03]"
Lythrus,0.7689432099193694,-1.5735652908997304,6.913285487251294,-0.5489742755889893,"[ 2.40251943e-01 -1.55965239e-01  1.61681458e-01  3.07933718e-01
  1.53672114e-01 -1.14788651e-01  3.05639833e-01 -9.24734548e-02
  5.59689879e-01  5.56954384e-01  1.29551758e-04  1.29551758e-04
  3.58453114e-03  1.05505288e-01  3.24539280e+00  4.28617907e+00
  5.91569813e-04 -1.87600330e-02  9.18340206e-01 -1.35336425e-02
  4.78466392e-01  1.53609455e-01  1.58169147e-04  1.00117755e+00
  7.47373462e-01  8.33006263e-01  2.22385550e+00  1.76932645e+00
 -6.59464567e-04  1.15026012e-01  9.60831940e-02  2.15315067e-05
  6.42777450e-05  7.75214692e-04  2.15315067e-05  2.15315067e-05
  2.15315067e-05  1.07805943e+00  3.95842886e+00  1.60983396e+00
  3.55381823e+00  4.38625622e+00  2.34801888e+00  1.89624739e+00
  2.42804199e-01  4.93576229e-01]"
Ictalurus,0.05231019983124308,-1.6179928023512158,0.10275114342602328,-1.4706981182098389,"[-7.17619769e-05  4.63974808e-04 -4.38859826e-03  2.47241985e-02
 -4.20956733e-03  2.51772460e-02  2.47241985e-02 -4.13500192e-03
 -4.94737178e-04 -4.60325042e-04 -2.67078547e-04 -2.67078547e-04
  1.81228400e-03  1.01964794e-01  6.37872843e-03  6.14120858e-03
 -5.82902739e-03  8.43038037e-03 -1.05718309e-05 -3.46255023e-04
  6.41709601e-04  5.86215232e-04 -2.19242211e-04  3.78292752e-05
  1.91300904e-04  9.10427407e-05  1.82705960e-04 -2.31621030e-04
  8.71482043e-05 -2.58244196e-04 -1.32051500e-04 -3.11686727e-03
 -5.06802136e-03  8.15407991e-01  7.21779943e-01  8.80295753e-01
  8.80913019e-01  3.67375906e-05 -4.02614055e-03  1.84958503e-02
  2.90539861e-02  3.01102791e-02  1.19032823e-02  1.69556402e-02
  8.70256219e-04  1.37632582e-02]"
Noturus,1.0496336373764243,-1.704677658027209,40.218484548756486,-1.2236180305480957,"[ 2.11389512e-01  2.87624031e-01 -1.36510044e-01  7.13868499e-01
  4.91789728e-01  5.52802682e-01  7.61960149e-01  1.80618037e-02
 -8.71360898e-02 -5.22185378e-02  1.01227801e-04  1.01227801e-04
 -3.48860980e-03  8.39732647e-01 -9.32534933e-02  3.07547390e-01
 -1.00536896e-02 -8.06768425e-03  1.25514841e+00  4.11191314e-01
  1.23360589e-01  2.44960245e-02  8.10629055e-02  1.24066901e+00
  9.87076998e-01  9.17327642e-01  9.13964152e-01  9.50932980e-01
  2.24336529e+00  9.16616321e-02  6.77653253e-02 -2.00548366e-01
 -2.01186523e-01  7.54753113e+00  3.09426451e+00  2.15821896e+01
  2.09873905e+01  4.02538598e-01  1.16978094e-01  9.34848264e-02
  4.57145363e-01  5.47844052e-01  5.87342024e-01 -4.21872139e-02
  1.50323287e-01  1.69590190e-01]"
Dorosoma,0.028977249397106396,-1.8360206327511452,0.0498560232068042,-1.3443403244018555,"[ 0.0000000e+00  0.0000000e+00  0.0000000e+00  0.0000000e+00
  0.0000000e+00  0.0000000e+00  0.0000000e+00  0.0000000e+00
  0.0000000e+00  0.0000000e+00  1.0287341e-04  1.0287341e-04
  3.2171861e-03 -1.5292868e-03  1.3139892e-01  8.0303885e-02
  1.3634232e-01  5.5163157e-01 -4.5218994e-04  4.1807324e-04
 -2.4176680e-03 -1.4101409e-03  1.7672543e-05  5.0492663e-02
  2.2401093e-03  5.1683955e-02  1.0442839e-02  1.5421657e-02
 -3.8255542e-03 -1.1207868e-02  1.4452942e-02  3.9021342e-04
  9.7601507e-03  1.2983876e-01  1.1950100e-01  1.0847404e-01
  1.7493208e-01  1.1129109e-01 -6.0268207e-03  2.3011722e-01
  7.5572670e-01  2.5426903e-01  7.3057942e-02  2.7721423e-01
 -2.2762801e-02  2.8875011e-01]"
Phenocobius,0.03828319619852872,-2.7467991809301746,0.07426220397258039,-2.491973638534546,"[-3.1379233e-03 -7.2133157e-04 -1.5284803e-03 -3.4815770e-02
 -4.8190048e-03 -3.2306637e-03 -3.4815770e-02 -1.6816913e-03
 -2.0914667e-03 -2.0914667e-03  2.3029002e-04  2.3029002e-04
  1.2482154e-03 -5.8932722e-02  4.2094156e-02  2.4793990e-01
 -2.6796797e-02 -9.4891177e-04 -1.9246507e-03  0.0000000e+00
  0.0000000e+00  0.0000000e+00  0.0000000e+00  0.0000000e+00
  0.0000000e+00  0.0000000e+00  0.0000000e+00  0.0000000e+00
  2.7489928e-05  1.0182526e-05  2.6575017e-05  6.8106186e-01
  9.3425345e-01  9.7201478e-01  1.3850780e-01  1.4266132e-01
  1.5162946e-01 -2.6127970e-02 -1.7475836e-02  3.0941840e-02
 -8.3542038e-03 -4.9446314e-03  9.6341624e-04 -6.2134378e-03
 -6.6078617e-04 -6.3472386e-03]"
