genus,auc,accuracy,f1,pred_proba
Nototropis,1.0,0.9130434782608695,0.3333333333333333,"[0.01353    0.01241681 0.04244375 0.03039916 0.04073064 0.02447092
 0.02466196 0.02155699 0.01728117 0.01313153 0.13379815 0.11495875
 0.08261917 0.01262312 0.01937904 0.03694849 0.02221593 0.01926227
 0.01510435 0.07332224 0.05464505 0.03739527 0.03655067 0.02959145
 0.02061972 0.01420295 0.02368893 0.01513023 0.01291583 0.10197707
 0.01510435 0.01395775 0.01619503 0.01114799 0.25496429 0.02920631
 0.18603975 0.64928699 0.36640167 0.40791416 0.41938439 0.31018558
 0.29355866 0.02007246 0.33712161 0.07147384]"
Campostoma,0.8674242424242424,0.8478260869565217,0.8571428571428571,"[0.82838142 0.00841856 0.42415768 0.69625413 0.06274291 0.02287573
 0.67800283 0.00695464 0.04103247 0.47517166 0.96485126 0.91992635
 0.92547303 0.2569271  0.366653   0.73288244 0.0031968  0.14323586
 0.18364443 0.83450311 0.57603723 0.812828   0.51141351 0.01463442
 0.6363852  0.19215204 0.0176544  0.63927865 0.03846517 0.06175847
 0.17434658 0.50762314 0.77890158 0.01289565 0.98057336 0.66002631
 0.98670512 0.91037977 0.87896758 0.54380822 0.89570069 0.92697096
 0.52111655 0.5751375  0.98846984 0.84330308]"
Etheostoma,0.8206627680311891,0.7608695652173914,0.8070175438596491,"[0.12597787 0.1040348  0.97033072 0.76346177 0.53619206 0.84341484
 0.75809401 0.01996187 0.69137889 0.07633602 0.95443547 0.98465735
 0.54225117 0.20844054 0.14062984 0.08134495 0.65816587 0.32266682
 0.54210985 0.76142579 0.23378219 0.83443797 0.55565476 0.58234972
 0.37553778 0.2710925  0.81654018 0.62265325 0.63385779 0.68937826
 0.42053437 0.44943008 0.01545616 0.38466373 0.98730266 0.71808279
 0.74659908 0.998137   0.9980008  0.9907527  0.91913545 0.69285488
 0.44116691 0.98107439 0.92564327 0.96278918]"
Notropis,0.7990196078431372,0.8260869565217391,0.6363636363636364,"[0.02091938 0.00665347 0.3001878  0.96134001 0.02538457 0.8439694
 0.97626466 0.00395494 0.56215107 0.6543628  0.01263362 0.01008898
 0.02723955 0.51459068 0.39131761 0.00881743 0.01130473 0.0148865
 0.69754326 0.19542155 0.94128388 0.02713623 0.26910689 0.01352081
 0.28495654 0.02574224 0.02130594 0.02008831 0.37998989 0.00945008
 0.34142765 0.63423902 0.36514229 0.02833676 0.24974616 0.01308839
 0.03239895 0.86561185 0.0352916  0.21671844 0.03350591 0.13772468
 0.00563226 0.2259326  0.02551923 0.21754205]"
Percina,0.7573529411764705,0.782608695652174,0.6153846153846154,"[0.02154381 0.06217636 0.54183525 0.61801124 0.54269105 0.77694958
 0.84114546 0.03328167 0.7949881  0.2149909  0.04579316 0.04686541
 0.12086408 0.17650825 0.08160018 0.1992119  0.02451983 0.16329388
 0.95411873 0.01720839 0.61837429 0.01453564 0.01797176 0.68360084
 0.76394862 0.09348968 0.61086613 0.41904965 0.96303093 0.01310564
 0.16916619 0.19671527 0.18320715 0.02563494 0.80078363 0.05770905
 0.16421297 0.89117408 0.0381378  0.07232527 0.06492545 0.00929608
 0.01805305 0.009768   0.05222937 0.02198545]"
Gambusia,0.736842105263158,0.8695652173913043,0.925,"[0.98204523 0.95548958 0.98932785 0.99095237 0.95896775 0.99683303
 0.98373359 0.93341905 0.99341667 0.98512983 0.27462962 0.60069877
 0.52994698 0.99188727 0.95287311 0.58815485 0.99099088 0.92933613
 0.97610724 0.23545605 0.9650743  0.73141962 0.46927166 0.98632729
 0.97541022 0.61274439 0.98891246 0.98406583 0.99569702 0.97458375
 0.9784506  0.90527642 0.98904371 0.98132473 0.72392762 0.94157529
 0.97786945 0.69487399 0.5649308  0.82431978 0.76222181 0.22144267
 0.71080697 0.93351936 0.88111687 0.97240698]"
Micropterus,0.7204301075268816,0.6521739130434783,0.4666666666666667,"[0.70964772 0.12232326 0.53921664 0.01458416 0.23117952 0.02212841
 0.03189022 0.01101549 0.98976398 0.3141191  0.56980819 0.06677253
 0.22311215 0.11360237 0.0278589  0.28242177 0.08421013 0.0301171
 0.48995501 0.13669237 0.08331084 0.10944075 0.00864997 0.63380998
 0.69359094 0.87885714 0.69070107 0.9405548  0.55529124 0.3641215
 0.20835264 0.59334844 0.76384133 0.67956436 0.16595073 0.2661716
 0.16267861 0.01009266 0.00844674 0.00366452 0.0524608  0.6982047
 0.114011   0.00280802 0.58461034 0.11517333]"
Labidesthes,0.7202380952380951,0.9347826086956522,0.4,"[0.02257989 0.06895102 0.03568313 0.01377742 0.05705416 0.12367076
 0.02395032 0.04895036 0.21135838 0.06356651 0.06288078 0.03838659
 0.01861481 0.02059425 0.01695259 0.11790972 0.04911681 0.01246909
 0.0997123  0.01417493 0.02084683 0.03045031 0.02976909 0.2728304
 0.50118923 0.3962146  0.39669082 0.32401389 0.06187638 0.01516401
 0.01932749 0.03191091 0.17012984 0.04646044 0.02631001 0.05278591
 0.03285758 0.06622534 0.07891604 0.01178923 0.03830099 0.03691461
 0.03953907 0.00474056 0.00766708 0.0388371 ]"
Minytrema,0.6845238095238095,0.9130434782608695,0.0,"[0.02418413 0.04152471 0.24033178 0.01832454 0.42392707 0.085933
 0.01595914 0.02560511 0.45379266 0.05797736 0.0141576  0.01237217
 0.00490674 0.00447353 0.01543525 0.02730044 0.27838644 0.00435646
 0.11851338 0.02159296 0.03094392 0.03674342 0.01087294 0.09508077
 0.05460608 0.01797407 0.42183316 0.31504384 0.02594164 0.01552575
 0.04412833 0.02137234 0.01722185 0.07619807 0.04613047 0.03510065
 0.01214871 0.1082078  0.05803657 0.01094498 0.03581325 0.04554798
 0.02524935 0.02084516 0.01874847 0.07155403]"
Pimephales,0.6764132553606238,0.717391304347826,0.6666666666666666,"[0.01069276 0.20681132 0.22091731 0.87680674 0.84152853 0.86707276
 0.94477731 0.03471414 0.86794096 0.28535631 0.03205775 0.0829014
 0.0684995  0.97091347 0.08354881 0.01600253 0.00655569 0.49159145
 0.8868773  0.38417864 0.8816604  0.975546   0.06118934 0.31878996
 0.79260129 0.83999473 0.52470303 0.17864496 0.72829521 0.17546543
 0.65337366 0.85564524 0.86006379 0.33705696 0.83611959 0.01481957
 0.77008271 0.46816686 0.0543589  0.31372008 0.04026106 0.01817023
 0.2465677  0.98833561 0.6817264  0.02233046]"
Aphredoderus,0.6472868217054264,0.9347826086956522,0.0,"[0.05251805 0.21750645 0.02406939 0.05251805 0.05514687 0.05251805
 0.05677796 0.03590202 0.05677796 0.05677796 0.05677796 0.05514687
 0.05514687 0.01668789 0.01041517 0.05316293 0.05251805 0.02952656
 0.03543712 0.01833069 0.05514687 0.01363506 0.05677796 0.05514687
 0.05251805 0.05514687 0.05677796 0.05251805 0.05677796 0.02582912
 0.05514687 0.05677796 0.05251805 0.1404445  0.05677796 0.05514687
 0.01037846 0.05251805 0.04023668 0.01614964 0.01707035 0.03635528
 0.05677796 0.01266077 0.05514687 0.05251805]"
Notemigonus,0.6395348837209303,0.9347826086956522,0.0,"[0.05073798 0.05073798 0.05938062 0.01376555 0.05073798 0.06038825
 0.05073798 0.06863359 0.09971362 0.06863359 0.06138396 0.06138396
 0.06038825 0.06038825 0.03056567 0.02188647 0.06270798 0.05073798
 0.04592503 0.01527005 0.03376226 0.06038825 0.01088018 0.06038825
 0.0667423  0.05872376 0.05073798 0.06313583 0.06863359 0.02848937
 0.05872376 0.06311483 0.05073798 0.07514236 0.06136558 0.06038825
 0.04238527 0.05073798 0.02496818 0.0114277  0.02299049 0.01950754
 0.06313583 0.02018731 0.06038825 0.05073798]"
Cyprinella,0.6384615384615384,0.6521739130434783,0.6190476190476191,"[0.73220533 0.03115866 0.47229877 0.98696935 0.17090911 0.84579307
 0.95496804 0.10640325 0.75682163 0.92339098 0.09071373 0.51328242
 0.0350255  0.66626257 0.73540092 0.53930122 0.03668727 0.50512296
 0.83803868 0.59748709 0.96760547 0.11589237 0.21593481 0.24643466
 0.25358486 0.13378692 0.05054604 0.33802482 0.81382674 0.03151437
 0.30994555 0.59421861 0.5319249  0.16236553 0.76546144 0.14663747
 0.80592191 0.48854494 0.07555435 0.94256341 0.02034864 0.03359835
 0.38393885 0.34880197 0.82903916 0.77805465]"
Ameiurus,0.6156156156156156,0.7608695652173914,0.15384615384615385,"[0.05828253 0.86645651 0.02115094 0.04509486 0.10341083 0.14287785
 0.00448548 0.22263162 0.00642897 0.28580415 0.42316031 0.0975106
 0.14734291 0.03536934 0.04073505 0.09011874 0.20770223 0.01608663
 0.00133491 0.53536338 0.05138654 0.04641128 0.56356972 0.15020536
 0.01859898 0.15485658 0.0979826  0.04958619 0.0180366  0.03440486
 0.12490761 0.25466833 0.01024084 0.35260841 0.0232951  0.31777954
 0.02241967 0.00715224 0.03258258 0.01148514 0.21426405 0.57930273
 0.00911926 0.01095941 0.05822933 0.21405281]"
Fundulus,0.6140350877192983,0.5869565217391305,0.6779661016949152,"[0.98611778 0.0957443  0.07325029 0.39469421 0.86629039 0.33194429
 0.57263112 0.40906334 0.71661532 0.80223179 0.6352945  0.67563879
 0.35280201 0.94436997 0.98731226 0.99172837 0.0352253  0.56634307
 0.81520611 0.58253968 0.94072938 0.89359349 0.94837356 0.74764228
 0.43030101 0.89721876 0.32179138 0.67451352 0.96809769 0.14919814
 0.83547187 0.76274222 0.98168737 0.65783995 0.79918265 0.68222237
 0.29909834 0.98982668 0.6414414  0.90532339 0.81401527 0.94005108
 0.8135184  0.22890931 0.16117015 0.31844679]"
Erimyzon,0.6085271317829457,0.9347826086956522,0.0,"[0.051421   0.02493642 0.0353003  0.051421   0.051421   0.051421
 0.05609977 0.027274   0.05609977 0.05609977 0.05609977 0.051421
 0.051421   0.02439747 0.02938027 0.03132832 0.051421   0.02982507
 0.01602158 0.04251182 0.051421   0.04748343 0.05609977 0.051421
 0.051421   0.05609977 0.01682957 0.051421   0.05609977 0.051421
 0.01120447 0.05609977 0.051421   0.01645771 0.051421   0.06381279
 0.12756968 0.30118626 0.051421   0.051421   0.05609977 0.20066738
 0.05609977 0.03309073 0.051421   0.051421  ]"
Esox,0.562015503875969,0.9347826086956522,0.0,"[0.05577381 0.07999542 0.07558534 0.05577381 0.05774701 0.05577381
 0.05289431 0.0559477  0.05289431 0.05289431 0.05289431 0.05774701
 0.05774701 0.01544163 0.0171743  0.11061259 0.05577381 0.02106469
 0.01015464 0.01203783 0.05774701 0.03802683 0.05289431 0.05577381
 0.05774701 0.05774701 0.05577381 0.05289431 0.0233546  0.05774701
 0.05289431 0.05577381 0.02156017 0.05289431 0.05774701 0.0972468
 0.05577381 0.03019084 0.05289431 0.05963348 0.10512655 0.04932101
 0.05289431 0.01325064 0.05774701 0.05577381]"
Noturus,0.5194805194805195,0.6521739130434783,0.1111111111111111,"[0.04574829 0.04592517 0.10940098 0.93047035 0.11216143 0.08587329
 0.27295703 0.01065638 0.41238019 0.05993605 0.04256995 0.03264796
 0.06865672 0.68342209 0.57757062 0.07006145 0.00470398 0.05840426
 0.42544726 0.31306905 0.83895636 0.01760478 0.08676548 0.02493156
 0.09041255 0.09878197 0.01309688 0.20088904 0.06242758 0.01826318
 0.37936851 0.16810359 0.10053419 0.73326194 0.28432801 0.52477819
 0.68092239 0.10274573 0.01293966 0.06840274 0.06093377 0.27183118
 0.06638761 0.01841274 0.03003999 0.05992159]"
Lythrus,0.4878048780487805,0.8478260869565217,0.0,"[0.04043986 0.03529603 0.13980946 0.06748893 0.37479442 0.04024805
 0.02519981 0.04528763 0.13847767 0.41193128 0.13441645 0.00844214
 0.02023196 0.02848294 0.01112322 0.1081634  0.01818774 0.04561952
 0.59604019 0.03036184 0.05726044 0.01214119 0.03364993 0.11203532
 0.31708923 0.18443416 0.06860894 0.37957984 0.06204007 0.00552446
 0.04897557 0.50122374 0.02678369 0.12453131 0.05563699 0.02481866
 0.04308481 0.02363276 0.00551505 0.02426503 0.07704061 0.03396733
 0.01167572 0.00506921 0.05607459 0.01912928]"
Lepomis,0.1875,0.9565217391304348,0.9777777777777777,"[0.97297299 0.97222215 0.93669325 0.93757969 0.97297299 0.93355846
 0.97297299 0.97222215 0.93992418 0.97222215 0.97222215 0.97222215
 0.93713504 0.93890119 0.94102687 0.93986708 0.97297299 0.93992418
 0.97297299 0.94156194 0.94156194 0.94156194 0.93353963 0.9367581
 0.97222215 0.93542594 0.97297299 0.97222215 0.93986708 0.93718666
 0.97222215 0.97297299 0.93211097 0.97222215 0.93890119 0.93757677
 0.93713504 0.93986708 0.93760192 0.93582612 0.97297299 0.93493301
 0.97222215 0.94156194 0.93890119 0.97297299]"
Lepisosteus,0.18749999999999997,0.9565217391304348,0.0,"[0.02702703 0.06652314 0.05940461 0.05908622 0.06115136 0.06289218
 0.06112702 0.02777777 0.02702703 0.02777777 0.02777777 0.02777777
 0.06463606 0.05739788 0.06286685 0.06649653 0.02702703 0.02777777
 0.06465504 0.02702703 0.02702703 0.02702703 0.0646631  0.05739788
 0.0607602  0.02777777 0.05906375 0.05904949 0.02777777 0.02702703
 0.06079793 0.02777777 0.06465504 0.0664647  0.02777777 0.06247519
 0.06468693 0.05943195 0.02702703 0.06468693 0.06287368 0.06649941
 0.06468693 0.02777777 0.02702703 0.05739788]"
Ictalurus,0.18749999999999997,0.9565217391304348,0.0,"[0.02702703 0.05356809 0.05356809 0.02702703 0.02777777 0.05371858
 0.02702703 0.02777777 0.05395163 0.02777777 0.02777777 0.02777777
 0.05371858 0.05371858 0.05356809 0.05395163 0.05395163 0.02702703
 0.05395163 0.05395163 0.05395163 0.05371858 0.05356809 0.02777777
 0.05371858 0.02702703 0.02777777 0.05395163 0.05371858 0.02777777
 0.02702703 0.05356809 0.02777777 0.05371858 0.05356809 0.05371858
 0.05395163 0.05356809 0.05356809 0.02702703 0.05356809 0.02777777
 0.05395163 0.02702703 0.05371858 0.02702703]"
Ellasoma,0.18749999999999997,0.9565217391304348,0.0,"[0.02702703 0.05610042 0.05610042 0.02702703 0.054462   0.02702703
 0.02777777 0.05296559 0.02777777 0.02777777 0.02777777 0.054462
 0.054462   0.05610042 0.05296559 0.05296559 0.02702703 0.05296559
 0.05296559 0.05296559 0.054462   0.05610042 0.02777777 0.02777777
 0.054462   0.02702703 0.02702703 0.02777777 0.05296559 0.054462
 0.02777777 0.02702703 0.05610042 0.02777777 0.054462   0.05610042
 0.054462   0.05296559 0.05610042 0.05610042 0.02702703 0.05610042
 0.02777777 0.05296559 0.054462   0.02702703]"
Aplodinotus,0.18749999999999997,0.9565217391304348,0.0,"[0.02702703 0.05338734 0.05338734 0.02702703 0.02777777 0.05154889
 0.02702703 0.02777777 0.02702703 0.05430935 0.02777777 0.02777777
 0.02777777 0.05154889 0.05154889 0.05338734 0.05430935 0.05430935
 0.02702703 0.05430935 0.05430935 0.05430935 0.05154889 0.05338734
 0.02777777 0.05154889 0.02702703 0.02777777 0.05430935 0.05154889
 0.02777777 0.02702703 0.05338734 0.02777777 0.05154889 0.05338734
 0.05154889 0.05430935 0.05338734 0.05338734 0.02702703 0.05338734
 0.02777777 0.05430935 0.05154889 0.02702703]"
Moxostoma,0.09999999999999998,0.9782608695652174,0.0,"[2.70270277e-02 2.70270277e-02 2.70270277e-02 2.70270277e-02
 2.70270277e-02 2.70270277e-02 9.99999770e-07 2.70270277e-02
 9.99999770e-07 9.99999770e-07 9.99999770e-07 2.70270277e-02
 2.70270277e-02 2.70270277e-02 2.70270277e-02 2.70270277e-02
 2.70270277e-02 2.70270277e-02 2.70270277e-02 2.70270277e-02
 2.70270277e-02 2.70270277e-02 2.70270277e-02 9.99999770e-07
 2.70270277e-02 2.70270277e-02 9.99999770e-07 2.70270277e-02
 2.70270277e-02 9.99999770e-07 9.99999770e-07 2.70270277e-02
 2.70270277e-02 9.99999770e-07 2.70270277e-02 2.70270277e-02
 2.70270277e-02 2.70270277e-02 2.70270277e-02 2.70270277e-02
 2.70270277e-02 2.70270277e-02 9.99999770e-07 2.70270277e-02
 2.70270277e-02 2.70270277e-02]"
Macrohybopsis,0.09999999999999998,0.9782608695652174,0.0,"[2.70270277e-02 2.70270277e-02 2.70270277e-02 9.99999770e-07
 2.70270277e-02 2.70270277e-02 2.70270277e-02 9.99999770e-07
 2.70270277e-02 9.99999770e-07 9.99999770e-07 9.99999770e-07
 2.70270277e-02 2.70270277e-02 2.70270277e-02 2.70270277e-02
 2.70270277e-02 2.70270277e-02 2.70270277e-02 2.70270277e-02
 2.70270277e-02 2.70270277e-02 2.70270277e-02 2.70270277e-02
 9.99999770e-07 2.70270277e-02 2.70270277e-02 9.99999770e-07
 2.70270277e-02 2.70270277e-02 9.99999770e-07 2.70270277e-02
 2.70270277e-02 9.99999770e-07 2.70270277e-02 2.70270277e-02
 2.70270277e-02 2.70270277e-02 2.70270277e-02 2.70270277e-02
 2.70270277e-02 2.70270277e-02 9.99999770e-07 2.70270277e-02
 2.70270277e-02 2.70270277e-02]"
Dorosoma,0.09999999999999998,0.9782608695652174,0.0,"[2.70270277e-02 2.70270277e-02 9.99999770e-07 2.70270277e-02
 2.70270277e-02 2.70270277e-02 2.70270277e-02 9.99999770e-07
 2.70270277e-02 9.99999770e-07 9.99999770e-07 9.99999770e-07
 2.70270277e-02 2.70270277e-02 2.70270277e-02 2.70270277e-02
 2.70270277e-02 2.70270277e-02 2.70270277e-02 2.70270277e-02
 2.70270277e-02 2.70270277e-02 2.70270277e-02 2.70270277e-02
 9.99999770e-07 2.70270277e-02 2.70270277e-02 9.99999770e-07
 2.70270277e-02 2.70270277e-02 9.99999770e-07 2.70270277e-02
 2.70270277e-02 9.99999770e-07 2.70270277e-02 2.70270277e-02
 2.70270277e-02 2.70270277e-02 2.70270277e-02 2.70270277e-02
 2.70270277e-02 2.70270277e-02 9.99999770e-07 2.70270277e-02
 2.70270277e-02 2.70270277e-02]"
Cyprinus,0.09999999999999998,0.9782608695652174,0.0,"[2.70270277e-02 2.70270277e-02 2.70270277e-02 9.99999770e-07
 2.70270277e-02 2.70270277e-02 2.70270277e-02 9.99999770e-07
 2.70270277e-02 9.99999770e-07 9.99999770e-07 9.99999770e-07
 2.70270277e-02 2.70270277e-02 2.70270277e-02 2.70270277e-02
 2.70270277e-02 2.70270277e-02 2.70270277e-02 2.70270277e-02
 2.70270277e-02 2.70270277e-02 2.70270277e-02 2.70270277e-02
 9.99999770e-07 2.70270277e-02 2.70270277e-02 9.99999770e-07
 2.70270277e-02 2.70270277e-02 9.99999770e-07 2.70270277e-02
 2.70270277e-02 9.99999770e-07 2.70270277e-02 2.70270277e-02
 2.70270277e-02 2.70270277e-02 2.70270277e-02 2.70270277e-02
 2.70270277e-02 2.70270277e-02 9.99999770e-07 2.70270277e-02
 2.70270277e-02 2.70270277e-02]"
Phenocobius,0.09999999999999998,0.9782608695652174,0.0,"[2.70270277e-02 2.70270277e-02 2.70270277e-02 2.70270277e-02
 2.70270277e-02 2.70270277e-02 9.99999770e-07 2.70270277e-02
 9.99999770e-07 9.99999770e-07 9.99999770e-07 2.70270277e-02
 2.70270277e-02 2.70270277e-02 2.70270277e-02 2.70270277e-02
 2.70270277e-02 2.70270277e-02 2.70270277e-02 2.70270277e-02
 9.99999770e-07 2.70270277e-02 2.70270277e-02 2.70270277e-02
 9.99999770e-07 2.70270277e-02 2.70270277e-02 9.99999770e-07
 2.70270277e-02 2.70270277e-02 9.99999770e-07 2.70270277e-02
 2.70270277e-02 9.99999770e-07 2.70270277e-02 2.70270277e-02
 2.70270277e-02 2.70270277e-02 2.70270277e-02 2.70270277e-02
 2.70270277e-02 2.70270277e-02 9.99999770e-07 2.70270277e-02
 2.70270277e-02 2.70270277e-02]"
Semotilus,0.09999999999999998,0.9782608695652174,0.0,"[2.70270277e-02 2.70270277e-02 2.70270277e-02 2.70270277e-02
 2.70270277e-02 2.70270277e-02 9.99999770e-07 2.70270277e-02
 9.99999770e-07 9.99999770e-07 9.99999770e-07 2.70270277e-02
 2.70270277e-02 2.70270277e-02 2.70270277e-02 2.70270277e-02
 2.70270277e-02 2.70270277e-02 2.70270277e-02 2.70270277e-02
 2.70270277e-02 2.70270277e-02 2.70270277e-02 9.99999770e-07
 2.70270277e-02 2.70270277e-02 9.99999770e-07 2.70270277e-02
 2.70270277e-02 9.99999770e-07 2.70270277e-02 2.70270277e-02
 9.99999770e-07 2.70270277e-02 2.70270277e-02 2.70270277e-02
 2.70270277e-02 2.70270277e-02 2.70270277e-02 9.99999770e-07
 2.70270277e-02 2.70270277e-02 9.99999770e-07 2.70270277e-02
 2.70270277e-02 2.70270277e-02]"
