SiteN,eco_Number,eco_Letter,Title,State,site_id,watershed_area_sq_km,potential_erosion,pc_Corn,area_Corn,minDist_Corn,pc_Cotton,area_Cotton,minDist_Cotton,pc_Rice,area_Rice,minDist_Rice,pc_Sorghum,area_Sorghum,minDist_Sorghum,pc_Soybeans,area_Soybeans,minDist_Soybeans,pc_Sunflower,area_Sunflower,minDist_Sunflower,pc_Peanuts,area_Peanuts,minDist_Peanuts,pc_WinterWheat,area_WinterWheat,minDist_WinterWheat,pc_WinterWheat_Soybeans,area_WinterWheat_Soybeans,minDist_WinterWheat_Soybeans,pc_Rye,area_Rye,minDist_Rye,pc_Oats,area_Oats,minDist_Oats,pc_Alfalfa,area_Alfalfa,minDist_Alfalfa,pc_OtherHay_NonAlfalfa,area_OtherHay_NonAlfalfa,minDist_OtherHay_NonAlfalfa,pc_Sod_Fescue,area_Sod_Fescue,minDist_Sod_Fescue,pc_Fallow_IdleCropland,area_Fallow_IdleCropland,minDist_Fallow_IdleCropland,pc_Pecans,area_Pecans,minDist_Pecans,pc_OpenWater,area_OpenWater,minDist_OpenWater,pc_Developed_OpenSpace,area_Developed_OpenSpace,minDist_Developed_OpenSpace,pc_Developed_LowIntensity,area_Developed_LowIntensity,minDist_Developed_LowIntensity,pc_Developed_MediumIntensity,area_Developed_MediumIntensity,minDist_Developed_MediumIntensity,pc_Developed_HighIntensity,area_Developed_HighIntensity,minDist_Developed_HighIntensity,pc_Barren,area_Barren,minDist_Barren,pc_DeciduousForest,area_DeciduousForest,minDist_DeciduousForest,pc_Evergreen,area_Evergreen,minDist_Evergreen,pc_MixedForest,area_MixedForest,minDist_MixedForest,pc_Shrubland,area_Shrubland,minDist_Shrubland,pc_Grassland,area_Grassland,minDist_Grassland,pc_WoodyWetlands,area_WoodyWetlands,minDist_WoodyWetlands,pc_hWetlands,area_hWetlands,minDist_hWetlands,pc_WinterWheat_Sorghum,area_WinterWheat_Sorghum,minDist_WinterWheat_Sorghum,pc_Barley_Soybeans,area_Barley_Soybeans,minDist_Barley_Soybeans
1,33,a,Northern Post Oak Savana,TX,1,1.4206,0.298,0.0,0.0,,0.0,0.0,,0.0,0.0,,0.0,0.0,,0.0,0.0,,0.0,0.0,,0.0,0.0,,0.0,0.0,,0.0,0.0,,0.0,0.0,,0.0,0.0,,0.0,0.0,,0.0,0.0,,0.0,0.0,,0.0,0.0,,0.0,0.0,,48.76,0.6927,210.0,1.38,0.0196,20.0,1.98,0.0281,0.0,0.0,0.0,,0.0,0.0,,0.01,0.0001,501.6,24.18,0.3435,14.14,2.7,0.0383,120.42,3.29,0.0468,111.8,4.55,0.0646,568.24,4.41,0.0626,41.23,0.18,0.0025,41.23,8.57,0.1218,230.87,0.0,0.0,,0.0,0.0,
2,33,a,Northern Post Oak Savana,TX,2,9.6229,2.0009,0.02,0.0018,1307.29,0.01,0.0008,1559.29,0.0,0.0,,0.02,0.0015,1790.25,0.09,0.0085,1783.54,0.0,0.0,,0.0,0.0,,2.07,0.1994,1829.89,0.0,0.0,,0.0,0.0,,0.02,0.0016,2216.33,0.02,0.0021,3848.6,0.04,0.0039,1938.3,0.27,0.0261,2192.28,0.15,0.0142,1759.23,0.0,0.0,,1.03,0.0992,440.11,3.45,0.3322,10.0,0.51,0.0486,0.0,0.03,0.0025,827.65,0.0,0.0,,0.27,0.0264,822.92,35.02,3.3703,20.0,1.55,0.1493,94.34,0.54,0.0519,76.16,0.23,0.0218,208.09,54.49,5.2439,22.36,0.0,0.0003,165.53,0.17,0.0166,152.64,0.0,0.0,,0.0,0.0,
3,33,a,Northern Post Oak Savana,TX,3,68.2162,2.3624,0.0,0.0032,2992.52,0.0,0.0001,6523.57,0.0,0.0,,0.02,0.0133,2905.58,0.02,0.0134,2909.11,0.0,0.0,,0.0,0.0,,3.27,2.229,2948.03,0.01,0.0041,8338.16,0.0,0.0,,0.02,0.0145,3030.26,0.0,0.001,4675.66,2.09,1.4257,795.11,1.01,0.6905,3216.29,0.67,0.4563,2380.19,0.0,0.0002,8141.85,0.93,0.6311,661.89,2.95,2.0102,0.0,0.49,0.3331,300.0,0.03,0.0226,3177.37,0.0,0.0011,8246.31,0.09,0.0604,2441.07,33.01,22.5175,20.0,1.77,1.2075,304.14,5.07,3.4561,50.0,0.11,0.0723,580.52,48.13,32.8318,22.36,0.03,0.0204,122.07,0.29,0.2004,677.42,0.0,0.0004,8023.42,0.0,0.0,
4,32,a,Northern Black Land Prairie,TX,4,32.5034,6.6195,8.28,2.6927,3060.41,0.06,0.0206,1267.32,0.0,0.0,,0.43,0.1413,884.08,0.02,0.0073,3010.27,0.11,0.0359,3051.05,0.0,0.0,,5.46,1.775,4284.36,0.0,0.0,,0.0,0.0,,0.66,0.2155,3868.09,0.0,0.0004,3592.8,0.29,0.0936,346.55,0.02,0.0067,1275.81,1.69,0.5479,882.33,0.0,0.0004,364.01,0.64,0.2068,728.01,2.08,0.6748,40.0,2.02,0.6557,10.0,0.13,0.0436,579.74,0.04,0.0142,7017.13,0.07,0.0228,1719.56,17.64,5.7323,36.06,5.97,1.9395,389.49,0.02,0.0075,1284.72,0.01,0.0022,2553.45,54.16,17.6029,30.0,0.0,0.0002,7033.9,0.19,0.0629,171.17,0.0,0.0007,4947.9,0.0,0.0,
5,35,c,Pleistocene Fluvial Terraces,TX,5,52.0235,2.2981,0.03,0.0163,4263.54,0.0,0.0,,0.0,0.0,,0.1,0.0498,3978.77,0.01,0.0031,1006.03,0.0,0.0,,0.0,0.0,,3.39,1.7643,1066.68,0.01,0.0037,3673.27,0.0,0.0002,2464.83,0.0,0.0007,3581.08,0.01,0.0075,8616.31,1.62,0.8431,856.33,0.22,0.1168,957.08,0.05,0.0245,960.21,0.0,0.0011,3677.2,0.62,0.3212,20.0,1.59,0.8255,20.0,0.13,0.0698,14.14,0.02,0.0079,5152.72,0.0,0.0006,5231.18,0.36,0.1872,10.0,26.55,13.8116,41.23,1.5,0.7785,439.66,4.16,2.1625,192.35,0.67,0.3492,104.4,51.28,26.6777,58.31,5.46,2.8425,53.85,2.23,1.1582,22.36,0.0,0.0,,0.0,0.0,
6,35,c,Pleistocene Fluvial Terraces,TX,6,2.7067,1.7049,0.0,0.0,,0.0,0.0001,1287.52,0.0,0.0,,0.0,0.0,,0.0,0.0,,0.0,0.0,,0.0,0.0,,0.03,0.0009,2018.04,0.0,0.0,,0.0,0.0,,0.36,0.0098,2019.93,0.0,0.0,,0.17,0.0045,855.86,0.08,0.0022,1059.91,0.02,0.0006,1700.74,0.0,0.0,,2.37,0.0642,322.02,2.78,0.0753,111.8,4.92,0.1332,102.96,0.34,0.0092,10.0,0.0,0.0,,0.06,0.0017,1051.9,17.93,0.4853,131.53,0.13,0.0035,1656.56,0.0,0.0001,1554.67,0.0,0.0,,68.87,1.864,50.0,0.3,0.0081,925.74,1.63,0.044,76.16,0.0,0.0,,0.0,0.0,
7,35,c,Pleistocene Fluvial Terraces,TX,7,79.7158,6.9513,8.01,6.3832,610.33,0.4,0.3161,651.92,0.0,0.0,,0.37,0.2943,616.12,0.14,0.1123,1423.41,0.13,0.1068,2055.07,0.0,0.0,,3.8,3.0259,1454.99,0.0,0.0007,2237.79,0.0,0.0,,0.92,0.7314,794.04,0.0,0.0024,1879.68,0.1,0.0797,716.1,0.06,0.0488,439.32,2.98,2.3751,635.14,0.0,0.0011,3908.77,0.63,0.5028,1060.19,3.26,2.5975,28.28,2.29,1.8261,14.14,0.21,0.1713,432.78,0.02,0.0199,2986.05,0.12,0.0961,1322.76,14.01,11.1712,44.72,1.77,1.408,938.62,0.01,0.0081,2166.22,0.01,0.0065,1310.27,60.62,48.32,80.0,0.0,0.0002,3431.57,0.14,0.1103,567.19,0.0,0.0,,0.0,0.0,
8,33,a,Northern Post Oak Savana,TX,8,8.1044,1.2576,0.0,0.0,,0.0,0.0,,0.0,0.0,,0.0,0.0002,3294.62,0.0,0.0001,2736.59,0.0,0.0,,0.0,0.0,,0.0,0.0,,0.0,0.0,,0.0,0.0,,0.0,0.0,,0.0,0.0002,3306.51,0.56,0.0452,1224.42,0.0,0.0004,2428.6,0.01,0.0012,1137.59,0.0,0.0,,1.7,0.1378,1606.11,3.94,0.3196,0.0,0.65,0.0526,181.11,0.11,0.009,1121.61,0.01,0.0006,3288.68,0.35,0.0281,1059.91,46.28,3.751,10.0,0.45,0.0361,210.0,2.47,0.1998,14.14,0.06,0.005,1443.61,43.24,3.5046,256.32,0.0,0.0004,385.88,0.15,0.0125,1031.21,0.0,0.0,,0.0,0.0,
9,33,a,Northern Post Oak Savana,TX,9,253.584,2.7192,0.93,2.3657,3020.41,0.59,1.506,9669.79,0.0,0.0,,0.05,0.1234,3492.75,0.16,0.4058,3575.6,0.01,0.0235,21045.39,0.0,0.0,,2.05,5.2071,3221.88,0.0,0.0002,13966.8,0.0,0.0,,0.25,0.6301,3381.08,0.0,0.0086,3412.7,0.61,1.5592,1445.06,0.12,0.311,3505.61,0.57,1.4349,3030.26,0.0,0.0033,404.47,17.57,44.5465,1660.12,2.37,6.0093,22.36,1.68,4.2642,10.0,0.3,0.7518,3523.63,0.06,0.1603,3627.8,0.35,0.8838,2136.77,16.02,40.6258,22.36,3.44,8.7166,360.69,1.08,2.7401,60.0,0.04,0.1001,3442.69,49.83,126.3639,90.55,0.83,2.0974,64.03,1.08,2.7411,20.0,0.0,0.0043,14784.91,0.0,0.0,
10,33,a,Northern Post Oak Savana,TX,10,1.7721,0.0333,0.0,0.0,,0.0,0.0,,0.0,0.0,,0.0,0.0,,0.0,0.0,,0.0,0.0,,0.0,0.0,,0.0,0.0,,0.0,0.0,,0.0,0.0,,0.0,0.0,,0.0,0.0,,0.0,0.0,,0.0,0.0,,0.0,0.0,,0.0,0.0,,94.13,1.6681,50.0,0.0,0.0,,0.0,0.0,,0.0,0.0,,0.0,0.0,,0.02,0.0004,492.44,1.93,0.0342,28.28,0.42,0.0075,503.29,0.82,0.0145,641.33,0.0,0.0,,0.46,0.0082,10.0,0.03,0.0006,663.7,2.18,0.0386,0.0,0.0,0.0,,0.0,0.0,
11,33,a,Northern Post Oak Savana,TX,11,13.7031,1.8765,0.0,0.0002,4120.8,0.0,0.0002,4073.33,0.0,0.0,,0.0,0.0,,0.0,0.0,,0.0,0.0,,0.0,0.0,,0.03,0.0038,1234.71,0.0,0.0,,0.0,0.0,,0.04,0.0061,1262.46,0.0,0.0002,1310.42,0.11,0.0156,687.68,0.01,0.0015,1298.08,0.06,0.0084,1011.34,0.0,0.0001,1288.91,7.04,0.9649,270.19,3.37,0.4612,111.8,4.66,0.6389,50.0,1.42,0.195,42.43,0.09,0.0124,58.31,1.18,0.1618,101.98,26.56,3.64,56.57,4.82,0.661,116.62,0.03,0.0035,984.94,0.0,0.0005,898.05,49.81,6.8249,50.0,0.0,0.0005,3415.05,0.75,0.1024,269.26,0.0,0.0,,0.0,0.0,
12,33,a,Northern Post Oak Savana,TX,12,6.5212,2.4497,0.11,0.0069,2375.65,0.0,0.0,,0.0,0.0,,0.01,0.0004,1420.21,0.0,0.0,,0.0,0.0,,0.0,0.0,,0.05,0.0032,609.59,0.0,0.0,,0.0,0.0,,0.05,0.0035,2367.53,0.05,0.0033,2425.94,0.02,0.0012,1080.79,0.02,0.0015,1945.79,0.06,0.0037,1612.98,0.0,0.0,,0.13,0.0086,774.92,8.27,0.5396,147.65,19.48,1.2703,114.02,11.11,0.7244,10.0,5.61,0.366,1144.81,0.15,0.0098,632.53,20.68,1.3489,165.53,2.28,0.1486,210.95,0.0,0.0003,2996.03,0.0,0.0,,31.82,2.0751,151.33,0.0,0.0,,0.09,0.0059,1174.44,0.0,0.0,,0.0,0.0,
13,33,a,Northern Post Oak Savana,TX,13,11.0153,2.5228,0.01,0.001,1484.08,0.0,0.0,,0.0,0.0,,0.0,0.0,,0.01,0.0008,1474.72,0.0,0.0,,0.0,0.0,,0.02,0.0023,2106.4,0.0,0.0,,0.0,0.0,,0.01,0.0014,2128.5,0.01,0.0015,2086.34,0.0,0.0,,0.12,0.0127,1991.23,0.04,0.0042,1443.12,0.0,0.0,,0.12,0.0137,715.89,6.49,0.7152,303.64,25.34,2.791,72.11,13.27,1.4615,78.1,2.42,0.2661,1078.7,0.98,0.1082,1461.85,19.79,2.1797,76.16,6.57,0.7233,156.52,0.02,0.0019,518.65,0.03,0.0028,721.11,24.73,2.7244,78.1,0.01,0.0016,1968.81,0.02,0.002,730.07,0.0,0.0,,0.0,0.0,
14,32,a,Northern Black Land Prairie,TX,14,10.0279,1.5574,0.0,0.0,,0.0,0.0003,338.38,0.0,0.0,,0.0,0.0,,0.0,0.0,,0.0,0.0,,0.0,0.0,,0.0,0.0,,0.0,0.0,,0.0,0.0,,0.0,0.0,,0.0,0.0,,0.01,0.0011,2701.2,0.03,0.0034,713.09,0.01,0.0007,1860.38,0.02,0.002,189.74,0.59,0.0591,241.87,3.98,0.3989,76.16,4.6,0.4613,22.36,0.37,0.0369,10.0,0.02,0.0017,1625.42,0.11,0.011,1137.01,24.05,2.4114,72.8,2.66,0.2665,224.72,0.0,0.0,,0.01,0.0006,1710.94,63.48,6.3662,60.83,0.0,0.0,,0.07,0.0068,304.14,0.0,0.0,,0.0,0.0,
15,32,a,Northern Black Land Prairie,TX,15,12.2376,8.9465,11.69,1.4307,392.17,0.02,0.0027,2105.35,0.0,0.0,,1.91,0.2338,398.5,0.03,0.0038,3747.33,0.0,0.0,,0.0,0.0,,3.57,0.4363,375.37,0.0,0.0,,0.0,0.0,,0.22,0.027,1205.99,0.0,0.0,,0.5,0.0617,1103.54,0.02,0.0025,1144.25,4.43,0.5419,276.59,0.0,0.0,,0.08,0.0097,931.45,3.36,0.4114,22.36,5.88,0.7201,40.0,0.32,0.0392,85.44,0.01,0.0007,1273.93,0.14,0.0173,756.64,8.08,0.9892,28.28,1.81,0.2216,341.32,0.0,0.0,,0.0,0.0,,57.88,7.0837,20.0,0.0,0.0,,0.03,0.0037,1630.12,0.0,0.0006,305.29,0.0,0.0,
16,32,a,Northern Black Land Prairie,TX,16,3.6463,26.5837,62.13,2.2654,416.77,0.02,0.0009,283.2,0.0,0.0,,1.67,0.061,1249.64,0.02,0.0006,1272.24,0.0,0.0,,0.0,0.0,,9.21,0.3358,80.62,0.0,0.0,,0.0,0.0,,0.33,0.0119,130.38,0.0,0.0,,0.0,0.0001,1024.16,0.0,0.0,,2.4,0.0874,121.66,0.0,0.0,,0.0,0.0,,0.67,0.0245,36.06,3.47,0.1264,14.14,0.14,0.005,44.72,0.0,0.0,,0.0,0.0,,3.3,0.1204,41.23,2.96,0.1078,183.85,0.01,0.0002,1121.61,0.0,0.0,,13.68,0.4989,10.0,0.0,0.0,,0.0,0.0,,0.0,0.0,,0.0,0.0,
17,33,a,Northern Post Oak Savana,TX,17,5.2801,2.2884,0.01,0.0003,2453.81,0.0,0.0,,0.0,0.0,,0.02,0.0009,2339.08,0.01,0.0004,2170.02,0.0,0.0,,0.0,0.0,,1.64,0.0864,1838.53,0.0,0.0,,0.0,0.0,,0.02,0.0013,681.18,0.01,0.0003,2362.12,4.62,0.244,1384.52,0.65,0.0341,1860.35,0.04,0.0023,2330.19,0.0,0.0,,0.21,0.0109,1142.15,6.23,0.3287,284.6,2.08,0.1099,58.31,0.15,0.0078,316.23,0.0,0.0001,3423.74,0.25,0.0131,488.77,12.58,0.6641,0.0,1.13,0.0598,170.29,0.92,0.0486,104.4,0.0,0.0,,69.45,3.667,28.28,0.0,0.0,,0.0,0.0001,2468.3,0.0,0.0,,0.0,0.0,
18,33,a,Northern Post Oak Savana,TX,18,6.1985,9.3373,0.03,0.0016,2447.24,0.0,0.0,,0.0,0.0,,0.3,0.0185,1994.49,0.06,0.0039,2381.93,0.0,0.0,,0.0,0.0,,5.5,0.3407,728.63,0.0,0.0,,0.0,0.0,,0.08,0.005,1877.23,0.05,0.0028,1739.68,0.15,0.009,452.22,0.71,0.0438,563.03,8.0,0.4957,1266.21,0.0,0.0,,1.67,0.1036,733.55,4.28,0.2651,14.14,1.31,0.081,10.0,0.35,0.0217,710.28,0.14,0.0084,1593.55,7.48,0.4636,708.03,11.87,0.7357,0.0,1.08,0.067,313.05,1.55,0.0963,94.34,0.0,0.0,,55.31,3.4283,30.0,0.0,0.0,,0.11,0.0068,1001.3,0.0,0.0,,0.0,0.0,
19,33,a,Northern Post Oak Savana,TX,19,53.785,1.2833,2.06,1.1086,40.0,0.0,0.0,,0.0,0.0,,0.06,0.0347,370.54,0.04,0.023,90.0,0.0,0.0,,0.0,0.0,,0.0,0.0004,1965.73,0.0,0.0,,0.0,0.0,,0.0,0.0008,1428.74,0.0,0.001,1591.26,0.0,0.0011,1959.23,0.02,0.0129,1202.08,0.0,0.0022,927.2,0.0,0.0002,1445.58,30.23,16.2614,316.23,2.98,1.6054,0.0,1.03,0.5565,28.28,0.2,0.109,1180.89,0.01,0.0055,3663.66,0.15,0.0819,310.64,34.07,18.323,20.0,2.29,1.2325,90.55,5.93,3.1885,40.0,4.92,2.6441,110.45,9.58,5.1528,70.71,4.93,2.6515,20.0,1.47,0.788,256.32,0.0,0.0,,0.0,0.0,
20,33,a,Northern Post Oak Savana,TX,20,3.5325,3.7091,0.0,0.0,,0.01,0.0002,598.41,0.0,0.0,,0.0,0.0,,0.0,0.0,,0.0,0.0,,0.0,0.0,,0.01,0.0005,898.89,0.0,0.0,,0.0,0.0,,0.0,0.0001,961.3,0.0,0.0,,0.0,0.0001,1040.77,0.0,0.0,,0.0,0.0001,592.28,0.0,0.0,,0.07,0.0025,744.31,8.41,0.2972,78.1,30.29,1.0699,86.02,25.79,0.9109,108.17,15.61,0.5515,829.76,0.03,0.0009,799.06,14.13,0.4991,36.06,0.29,0.0101,330.61,0.03,0.0012,417.85,0.0,0.0,,5.33,0.1882,72.11,0.0,0.0,,0.0,0.0,,0.0,0.0,,0.0,0.0,
21,32,a,Northern Black Land Prairie,TX,21,3.2769,2.9598,0.69,0.0227,1568.18,0.02,0.0008,875.56,0.0,0.0,,0.0,0.0,,0.0,0.0,,0.0,0.0,,0.0,0.0,,0.0,0.0,,0.0,0.0,,0.0,0.0,,0.0,0.0001,1200.67,0.0,0.0,,0.0,0.0,,2.88,0.0945,478.54,0.17,0.0057,787.72,0.0,0.0,,0.25,0.0081,481.66,8.95,0.2933,41.23,27.39,0.8975,0.0,19.89,0.6517,14.14,4.19,0.1374,375.77,0.26,0.0086,629.68,15.62,0.5118,40.0,0.37,0.012,439.32,0.0,0.0,,0.01,0.0002,933.81,19.3,0.6325,84.85,0.0,0.0,,0.0,0.0,,0.0,0.0,,0.0,0.0,
22,33,a,Northern Post Oak Savana,TX,22,2.6869,1.2394,0.0,0.0,,0.0,0.0,,0.0,0.0,,0.0,0.0,,0.0,0.0,,0.0,0.0,,0.0,0.0,,0.02,0.0006,386.39,0.0,0.0,,0.0,0.0,,0.12,0.0033,380.79,0.0,0.0,,0.0,0.0,,1.33,0.0357,631.98,0.0,0.0,,0.0,0.0,,0.71,0.019,1373.17,18.5,0.497,281.6,7.15,0.192,20.0,1.28,0.0344,86.02,0.06,0.0016,807.77,0.07,0.0018,358.47,30.57,0.8215,30.0,7.47,0.2006,120.0,0.0,0.0,,0.01,0.0004,1735.66,32.68,0.8782,0.0,0.03,0.0008,856.15,0.0,0.0,,0.0,0.0,,0.0,0.0,
23,33,a,Northern Post Oak Savana,TX,23,6.6625,1.4459,0.0,0.0001,1546.74,0.01,0.0004,1510.93,0.0,0.0,,0.0,0.0,,0.0,0.0,,0.0,0.0,,0.0,0.0,,0.0,0.0,,0.0,0.0,,0.0,0.0,,0.0,0.0,,0.0,0.0,,0.02,0.0011,3360.91,0.05,0.0036,1110.41,0.01,0.0004,1521.18,0.0,0.0002,1265.62,0.5,0.0335,790.57,4.57,0.3047,0.0,9.31,0.6204,10.0,4.75,0.3162,453.1,1.48,0.0988,1379.31,0.08,0.0056,622.41,43.21,2.879,10.0,3.79,0.2524,294.11,0.0,0.0003,2363.58,0.0,0.0,,32.15,2.1417,70.71,0.0,0.0,,0.06,0.0041,791.01,0.0,0.0,,0.0,0.0,
24,35,c,Pleistocene Fluvial Terraces,TX,24,1.8041,1.0626,0.05,0.0009,955.25,0.44,0.0079,782.3,0.01,0.0001,1096.36,0.0,0.0,,0.02,0.0004,923.58,0.0,0.0,,0.0,0.0,,0.0,0.0,,0.0,0.0,,0.0,0.0,,0.0,0.0,,0.0,0.0,,0.0,0.0,,0.0,0.0,,0.23,0.0042,784.92,0.31,0.0056,726.22,0.48,0.0087,483.74,4.01,0.0724,401.12,0.5,0.0091,370.14,0.28,0.005,1019.51,0.03,0.0005,1148.43,0.18,0.0033,926.17,10.88,0.1962,130.38,7.16,0.1292,434.17,11.74,0.2118,111.8,1.05,0.0189,304.14,24.09,0.4346,300.17,37.96,0.6849,114.02,0.58,0.0104,493.96,0.0,0.0,,0.0,0.0,
25,35,g,Red River Bottomlands,TX,25,4.9474,1.5607,0.01,0.0006,180.28,0.02,0.0011,638.91,0.0,0.0,,0.0,0.0,,0.2,0.0099,130.38,0.0,0.0,,0.0,0.0,,0.59,0.0291,192.09,0.72,0.0356,234.09,0.0,0.0,,0.0,0.0,,0.0,0.0,,0.01,0.0007,363.59,0.0,0.0,,0.14,0.0069,165.53,0.38,0.019,130.38,1.43,0.0706,140.0,15.0,0.7422,30.0,6.74,0.3336,36.06,0.41,0.0204,350.14,0.0,0.0,,0.33,0.0161,338.38,1.96,0.0969,256.12,16.46,0.8144,201.25,19.24,0.952,237.07,0.68,0.0338,416.77,26.27,1.2998,64.03,9.32,0.4609,182.48,0.08,0.0038,143.18,0.0,0.0,,0.0,0.0,
26,35,c,Pleistocene Fluvial Terraces,TX,26,30.8759,1.8168,0.1,0.0318,885.89,0.06,0.0178,1577.85,0.0,0.0001,1091.1,0.0,0.0005,1593.89,0.02,0.0058,1414.81,0.0,0.0,,0.0,0.0,,0.45,0.1377,1145.43,0.14,0.0437,1436.94,0.0,0.0,,0.0,0.0,,0.0,0.0,,0.28,0.086,1919.51,0.0,0.0,,0.43,0.133,1055.13,0.2,0.0623,876.64,0.64,0.1979,1091.1,6.58,2.0301,610.74,1.78,0.5485,1035.81,0.66,0.205,886.85,0.01,0.0027,2064.95,0.08,0.0238,935.57,6.45,1.9906,453.54,7.78,2.4015,1256.74,9.37,2.8923,477.6,1.66,0.5134,480.83,56.8,17.539,340.15,6.31,1.9475,388.33,0.13,0.0415,1068.5,0.01,0.0037,7142.24,0.06,0.0197,7105.52
27,35,c,Pleistocene Fluvial Terraces,TX,27,31.4855,2.0756,0.01,0.0019,1572.07,0.11,0.0361,2249.64,1.51,0.474,1525.94,0.0,0.0008,3250.85,0.39,0.1221,1526.89,0.0,0.0,,0.0,0.0,,0.01,0.0026,4825.44,0.01,0.003,2706.47,0.0,0.0,,0.0,0.0,,0.0,0.0,,0.38,0.1207,2204.11,0.0,0.0,,2.56,0.8055,1526.2,0.01,0.002,2140.21,1.21,0.3797,2221.04,2.93,0.9219,90.55,0.29,0.0927,1595.52,0.01,0.0035,4147.06,0.0,0.0,,0.15,0.0464,1536.81,2.24,0.7041,92.2,39.87,12.5543,272.95,7.18,2.2612,145.6,3.59,1.1304,344.38,16.35,5.1488,110.0,19.58,6.1637,42.43,1.6,0.5029,1566.68,0.02,0.0069,2984.64,0.0,0.0003,2862.17
28,35,g,Red River Bottomlands,TX,28,3.8299,25.7329,0.27,0.0103,355.11,0.0,0.0,,0.0,0.0,,0.0,0.0,,0.12,0.0047,382.75,0.0,0.0,,0.0,0.0,,0.22,0.0084,1333.04,0.01,0.0005,1332.4,0.0,0.0,,0.0,0.0,,0.0,0.0,,0.14,0.0055,784.47,0.0,0.0,,62.95,2.4108,363.59,0.03,0.0013,598.41,0.08,0.0029,784.47,0.0,0.0001,1111.26,0.0,0.0,,0.0,0.0,,0.0,0.0,,0.03,0.0013,720.07,0.19,0.0071,574.28,0.01,0.0002,570.09,0.01,0.0002,673.65,0.0,0.0,,15.79,0.6046,317.65,19.72,0.7553,490.92,0.44,0.0167,522.4,0.0,0.0,,0.0,0.0,
29,33,a,Northern Post Oak Savana,TX,29,210.9618,1.8251,0.01,0.0193,339.41,0.0,0.0094,5187.87,0.0,0.0,,0.02,0.044,417.73,0.03,0.0692,2199.39,0.0,0.0,,0.0,0.0,,0.12,0.2511,2771.89,0.18,0.378,3893.91,0.0,0.0005,4646.2,0.02,0.0499,2903.88,0.02,0.0435,3983.28,0.04,0.078,219.54,0.16,0.336,1938.48,0.06,0.1294,158.11,0.0,0.0027,738.24,2.29,4.8262,626.1,7.27,15.3468,63.25,4.79,10.1006,76.16,2.12,4.466,238.54,0.7,1.4793,4835.92,0.42,0.8836,1378.3,14.75,31.1103,36.06,1.07,2.2663,360.56,2.94,6.198,14.14,0.78,1.6384,296.14,54.98,115.9821,100.0,6.01,12.6791,22.36,1.22,2.5741,398.12,0.0,0.0,,0.0,0.0,
30,35,g,Red River Bottomlands,TX,30,6.0408,0.9349,0.0,0.0,,0.0,0.0,,0.0,0.0,,0.0,0.0,,0.0,0.0001,2147.21,0.0,0.0,,0.0,0.0,,0.0,0.0002,811.23,0.0,0.0,,0.0,0.0,,0.0,0.0,,0.0,0.0,,0.0,0.0003,2235.91,0.0,0.0,,0.28,0.0168,1154.34,0.0,0.0003,271.66,0.33,0.0197,523.55,3.77,0.2279,0.0,1.68,0.1016,10.0,0.03,0.0017,775.24,0.0,0.0,,0.04,0.0025,338.38,4.05,0.2445,40.0,28.98,1.7509,30.0,8.64,0.5217,31.62,3.76,0.2273,136.01,27.14,1.6396,156.52,19.16,1.1574,20.0,2.12,0.1278,494.06,0.0,0.0,,0.01,0.0005,756.64
31,35,g,Red River Bottomlands,TX,31,4.1064,1.2249,0.0,0.0,,0.0,0.0,,0.0,0.0,,0.0,0.0001,848.76,0.01,0.0003,849.06,0.0,0.0,,0.0,0.0,,0.0,0.0,,0.0,0.0,,0.0,0.0,,0.0,0.0,,0.0,0.0,,0.0,0.0,,0.0,0.0,,0.02,0.0008,840.54,0.01,0.0006,1161.08,0.34,0.0139,272.95,5.27,0.2163,10.0,0.11,0.0044,1240.64,0.0,0.0,,0.0,0.0,,0.0,0.0,,5.47,0.2245,22.36,2.58,0.1061,98.49,1.37,0.0564,80.62,0.95,0.0389,391.15,54.32,2.2306,72.8,25.24,1.0364,14.14,4.31,0.1771,252.98,0.0,0.0,,0.0,0.0,
32,32,a,Northern Black Land Prairie,TX,32,4.9267,1.588,0.0,0.0,,0.0,0.0,,0.0,0.0,,0.0,0.0,,0.0,0.0,,0.0,0.0,,0.0,0.0,,0.0,0.0,,0.0,0.0,,0.0,0.0,,0.04,0.002,1852.67,0.0,0.0,,0.01,0.0004,2010.8,0.02,0.0011,771.04,0.0,0.0001,2222.72,0.0,0.0,,2.13,0.1049,1626.59,6.6,0.3253,22.36,20.22,0.9963,42.43,9.34,0.46,256.12,0.71,0.035,537.59,0.11,0.0055,1708.36,34.58,1.7036,36.06,6.26,0.3082,724.71,0.09,0.0046,1793.24,0.0,0.0002,1810.69,19.85,0.978,50.0,0.0,0.0,,0.03,0.0015,2293.4,0.0,0.0,,0.0,0.0,
33,32,a,Northern Black Land Prairie,TX,33,2.7034,11.8813,25.49,0.6891,1309.2,0.13,0.0034,846.29,0.0,0.0,,0.0,0.0001,1804.24,0.04,0.001,1757.27,0.0,0.0,,0.0,0.0,,0.06,0.0017,880.74,0.0,0.0,,0.0,0.0,,0.02,0.0005,1437.36,0.0,0.0,,0.0,0.0,,0.45,0.0121,660.0,1.32,0.0358,296.98,0.0,0.0,,0.28,0.0075,1260.36,2.18,0.0589,575.67,7.27,0.1966,240.42,9.61,0.2599,259.62,4.27,0.1154,743.03,0.55,0.015,551.09,10.52,0.2845,215.41,0.96,0.0259,300.17,0.0,0.0,,0.0,0.0,,36.83,0.9956,70.0,0.0,0.0,,0.01,0.0004,1312.1,0.0,0.0,,0.0,0.0,
34,32,a,Northern Black Land Prairie,TX,34,6.6915,2.503,0.02,0.0013,724.5,0.0,0.0,,0.0,0.0,,0.0,0.0,,0.0,0.0,,0.0,0.0,,0.0,0.0,,2.16,0.1447,714.21,0.0,0.0,,0.0,0.0,,0.06,0.0037,718.05,0.0,0.0,,0.0,0.0,,0.01,0.0005,1472.58,0.02,0.0011,901.39,0.04,0.0024,3035.28,0.57,0.038,744.04,2.47,0.1653,114.02,7.14,0.4777,20.0,1.15,0.0767,10.0,0.0,0.0,,0.29,0.0191,676.02,8.2,0.5484,60.0,0.0,0.0001,2298.96,0.0,0.0,,0.0,0.0,,77.85,5.2091,60.83,0.01,0.0004,2494.01,0.04,0.003,819.88,0.0,0.0,,0.0,0.0,
35,29,g,Arbuckle Uplift,OK,35,26.0267,1.5775,0.0,0.0,,0.0,0.0,,0.0,0.0,,0.0,0.0,,0.0,0.0,,0.0,0.0,,0.0,0.0,,0.1,0.0253,1662.08,0.0,0.0,,0.0,0.0,,0.0,0.0,,0.0,0.0,,0.02,0.0053,3875.18,0.0,0.0,,0.0,0.0,,0.0,0.0007,2831.96,0.45,0.1172,161.25,2.85,0.7406,85.44,0.89,0.2327,134.54,0.14,0.036,158.11,0.0,0.0006,1675.86,0.24,0.0634,1062.12,30.23,7.8676,0.0,0.09,0.0224,574.28,0.0,0.0,,0.13,0.0339,353.84,64.84,16.8751,107.7,0.0,0.0,,0.02,0.0059,910.93,0.0,0.0,,0.0,0.0,
36,29,g,Arbuckle Uplift,OK,36,27.1216,1.6382,0.0,0.0,,0.0,0.0,,0.0,0.0,,0.0,0.0,,0.0,0.0,,0.0,0.0,,0.0,0.0,,0.01,0.0022,1748.89,0.0,0.0,,0.0,0.0,,0.0,0.0,,0.0,0.0,,0.0,0.0,,0.0,0.0,,0.0,0.0,,0.19,0.0513,662.19,0.32,0.0881,350.14,3.04,0.8235,130.0,1.58,0.4273,130.38,0.19,0.0511,544.06,0.01,0.0014,5427.05,0.44,0.12,152.97,28.89,7.8355,20.0,2.45,0.6634,695.7,0.0,0.0,,0.13,0.0364,123.69,62.74,17.0151,0.0,0.0,0.0,,0.02,0.0063,343.66,0.0,0.0,,0.0,0.0,
37,29,b,Eastern Cross Timbers,OK,37,48.9236,1.9525,0.0,0.0,,0.0,0.0,,0.0,0.0,,0.0,0.0,,0.0,0.0,,0.0,0.0,,0.0,0.0,,0.05,0.0239,3201.41,0.0,0.0,,0.0,0.0,,0.0,0.0,,0.0,0.0,,0.11,0.0532,473.81,0.0,0.0,,0.25,0.1214,3580.89,0.03,0.0171,2056.82,1.32,0.6438,884.59,3.96,1.9366,10.0,6.49,3.1767,0.0,2.08,1.0186,228.25,0.5,0.246,1722.44,0.23,0.1147,682.5,16.5,8.0738,20.0,0.55,0.2708,2807.94,0.02,0.0106,2184.49,0.4,0.1963,873.21,67.46,33.0043,36.06,0.0,0.0011,3322.66,0.03,0.0147,1273.93,0.0,0.0,,0.0,0.0,
38,36,a,Athens Plateau,OK,38,128.3763,0.7604,0.0,0.0,,0.0,0.0,,0.0,0.0001,12933.97,0.0,0.0,,0.0,0.0,,0.0,0.0,,0.0,0.0,,0.0,0.0,,0.0,0.0,,0.0,0.0,,0.0,0.0,,0.0,0.0,,0.01,0.0177,275.14,0.0,0.0,,0.0,0.0,,0.0,0.0,,0.09,0.11,10.0,4.59,5.8954,70.71,0.89,1.1469,76.16,0.06,0.0728,1355.32,0.0,0.0,,0.34,0.4317,0.0,8.96,11.4996,50.99,58.26,74.7863,14.14,5.72,7.3474,31.62,9.7,12.4557,133.42,11.3,14.5046,80.62,0.05,0.0666,10.0,0.03,0.0415,250.8,0.0,0.0,,0.0,0.0,
39,36,b,Central Mountain Ranges,OK,39,14.5007,0.6197,0.0,0.0,,0.0,0.0,,0.0,0.0,,0.0,0.0,,0.0,0.0,,0.0,0.0,,0.0,0.0,,0.0,0.0,,0.0,0.0,,0.0,0.0,,0.0,0.0,,0.0,0.0,,0.01,0.0009,1742.3,0.0,0.0,,0.0,0.0,,0.0,0.0,,0.02,0.0028,2232.35,4.72,0.6847,70.71,0.84,0.1215,70.71,0.09,0.0134,261.73,0.0,0.0,,0.14,0.0207,50.99,6.28,0.9101,10.0,64.63,9.3717,14.14,6.93,1.0042,20.0,5.72,0.8292,67.08,9.75,1.414,90.55,0.81,0.1178,28.28,0.07,0.0097,22.36,0.0,0.0,,0.0,0.0,
40,36,b,Central Mountain Ranges,OK,40,8.1744,0.4722,0.0,0.0,,0.0,0.0,,0.0,0.0,,0.0,0.0,,0.0,0.0,,0.0,0.0,,0.0,0.0,,0.0,0.0,,0.0,0.0,,0.0,0.0,,0.0,0.0,,0.0,0.0,,0.0,0.0,,0.0,0.0,,0.0,0.0,,0.0,0.0,,0.05,0.0038,877.27,4.88,0.3988,108.17,0.86,0.07,496.49,0.03,0.0028,732.39,0.0,0.0,,0.02,0.0017,1005.78,12.45,1.0177,10.0,64.16,5.2443,10.0,7.04,0.5753,0.0,6.46,0.5281,215.87,3.98,0.3255,218.4,0.06,0.0051,192.35,0.02,0.0013,870.46,0.0,0.0,,0.0,0.0,
41,36,f,Western Ouachita Valleys,OK,41,10.594,0.3812,0.0,0.0,,0.0,0.0,,0.0,0.0,,0.0,0.0,,0.0,0.0,,0.0,0.0,,0.0,0.0,,0.0,0.0,,0.0,0.0,,0.0,0.0,,0.0,0.0,,0.0,0.0,,0.0,0.0,,0.0,0.0,,0.0,0.0,,0.0,0.0,,0.0,0.0,,0.9,0.0954,53.85,0.34,0.0361,20.0,0.01,0.0013,4232.36,0.0,0.0,,0.09,0.0098,50.99,5.55,0.5881,22.36,39.83,4.22,44.72,51.05,5.4087,44.72,0.97,0.1027,14.14,1.21,0.1277,14.14,0.04,0.0042,252.98,0.0,0.0,,0.0,0.0,,0.0,0.0,
42,36,f,Western Ouachita Valleys,OK,42,2.1879,0.704,0.0,0.0,,0.0,0.0,,0.0,0.0,,0.0,0.0,,0.0,0.0,,0.0,0.0,,0.0,0.0,,0.0,0.0,,0.0,0.0,,0.0,0.0,,0.0,0.0,,0.0,0.0,,0.0,0.0,,0.0,0.0,,0.0,0.0,,0.0,0.0,,0.03,0.0006,1848.35,0.42,0.0091,534.13,0.58,0.0126,540.37,0.0,0.0001,1308.63,0.0,0.0,,0.23,0.0051,532.26,11.38,0.2489,10.0,26.55,0.5809,50.99,43.19,0.9449,20.0,1.22,0.0267,243.31,16.38,0.3584,56.57,0.03,0.0006,1844.91,0.0,0.0,,0.0,0.0,,0.0,0.0,
43,35,h,Blackland Prairie,OK,43,8.1721,2.3338,0.0,0.0,,0.0,0.0,,0.0,0.0,,0.0,0.0,,0.0,0.0001,1759.01,0.0,0.0,,0.0,0.0,,0.04,0.0035,1948.59,0.0,0.0,,0.0,0.0,,0.0,0.0,,0.0,0.0,,1.53,0.1249,282.84,0.0,0.0,,0.0,0.0,,0.0,0.0,,0.19,0.0152,1205.03,2.72,0.2224,125.3,2.19,0.1793,10.0,1.38,0.113,30.0,0.01,0.0011,1887.43,0.96,0.0788,22.36,6.68,0.5458,107.7,0.56,0.0454,350.14,0.3,0.0249,351.28,0.02,0.0018,120.83,83.14,6.7941,0.0,0.08,0.0063,1610.12,0.19,0.0155,791.58,0.0,0.0,,0.0,0.0,
44,37,e,Lower Canadian Hills,OK,44,39.6199,1.8263,0.0,0.0,,0.0,0.0,,0.0,0.0,,0.0,0.0,,0.0,0.0,,0.0,0.0,,0.02,0.008,2062.43,0.0,0.0,,0.0,0.0,,0.0,0.0,,0.0,0.0,,0.0,0.0,,0.0,0.0013,1470.54,0.0,0.0,,0.01,0.0029,2350.53,0.0,0.0,,1.27,0.5022,468.4,2.37,0.9406,10.0,1.57,0.624,320.16,0.33,0.1314,1053.09,0.06,0.0257,2036.3,1.79,0.7095,475.39,51.18,20.278,31.62,2.67,1.0573,509.9,0.0,0.0006,2142.73,0.08,0.0302,608.77,38.52,15.2627,50.0,0.0,0.0012,1263.21,0.11,0.0443,1216.55,0.0,0.0,,0.0,0.0,
45,35,d,Fourche Mountains,OK,45,30.0026,1.888,0.0,0.0,,0.0,0.0,,0.0,0.0,,0.0,0.0001,2663.32,0.0,0.0,,0.0,0.0,,0.0,0.0001,4121.71,1.25,0.3739,2223.24,0.0,0.0,,0.0,0.0,,0.0,0.0,,0.0,0.0,,0.76,0.2288,2556.66,0.0,0.0,,0.01,0.0043,2994.01,0.0,0.0,,0.83,0.2497,1100.41,3.84,1.1517,22.36,0.81,0.2442,0.0,0.09,0.0274,939.41,0.0,0.0011,2153.9,0.28,0.0842,1138.51,26.36,7.9093,30.0,2.21,0.6638,44.72,0.01,0.0038,1614.84,0.0,0.0004,2348.66,63.41,19.0241,50.0,0.01,0.0028,2900.0,0.11,0.0329,1330.15,0.0,0.0,,0.0,0.0,
46,36,e,Western Ouachitas,OK,46,37.0116,0.7323,0.0,0.0,,0.0,0.0,,0.0,0.0,,0.0,0.0,,0.0,0.0,,0.0,0.0,,0.0,0.0,,0.0,0.0,,0.0,0.0,,0.0,0.0,,0.0,0.0,,0.0,0.0,,0.0,0.0006,4940.82,0.0,0.0,,0.0,0.0,,0.0,0.0,,0.07,0.0243,1239.68,2.3,0.8524,22.36,0.44,0.1645,36.06,0.07,0.0246,31.62,0.03,0.0097,6931.85,0.24,0.087,22.36,43.13,15.9627,14.14,17.39,6.4359,275.86,16.41,6.074,145.6,4.07,1.5061,22.36,15.85,5.8675,0.0,0.0,0.0001,1769.77,0.01,0.0022,556.6,0.0,0.0,,0.0,0.0,
