site,burn_mean,burn_median,burn_sd,burn_min,burn_max,burn_range,burn_cv,burn_trend,dfm1000hr_mean,dfm1000hr_median,dfm1000hr_sd,dfm1000hr_min,dfm1000hr_max,dfm1000hr_range,dfm1000hr_cv,dfm1000hr_trend,dfm100hr_mean,dfm100hr_median,dfm100hr_sd,dfm100hr_min,dfm100hr_max,dfm100hr_range,dfm100hr_cv,dfm100hr_trend,energy_ERC_mean,energy_ERC_median,energy_ERC_sd,energy_ERC_min,energy_ERC_max,energy_ERC_range,energy_ERC_cv,energy_ERC_trend,maxT_mean,maxT_median,maxT_sd,maxT_min,maxT_max,maxT_range,maxT_cv,maxT_trend,maxRelH_mean,maxRelH_median,maxRelH_sd,maxRelH_min,maxRelH_max,maxRelH_range,maxRelH_cv,maxRelH_trend,vaporDeficit_mean,vaporDeficit_median,vaporDeficit_sd,vaporDeficit_min,vaporDeficit_max,vaporDeficit_range,vaporDeficit_cv,vaporDeficit_trend,minT_mean,minT_median,minT_sd,minT_min,minT_max,minT_range,minT_cv,minT_trend,minRelH_mean,minRelH_median,minRelH_sd,minRelH_min,minRelH_max,minRelH_range,minRelH_cv,minRelH_trend,specificH_mean,specificH_median,specificH_sd,specificH_min,specificH_max,specificH_range,specificH_cv,specificH_trend,precipitation_mean,precipitation_median,precipitation_sd,precipitation_min,precipitation_max,precipitation_range,precipitation_cv,precipitation_trend,alfalfa_mean,alfalfa_median,alfalfa_sd,alfalfa_min,alfalfa_max,alfalfa_range,alfalfa_cv,alfalfa_trend,grass_mean,grass_median,grass_sd,grass_min,grass_max,grass_range,grass_cv,grass_trend,sunshine_mean,sunshine_median,sunshine_sd,sunshine_min,sunshine_max,sunshine_range,sunshine_cv,sunshine_trend,windDirection_mean,windDirection_median,windDirection_sd,windDirection_min,windDirection_max,windDirection_range,windDirection_cv,windDirection_trend,windSpeed_mean,windSpeed_median,windSpeed_sd,windSpeed_min,windSpeed_max,windSpeed_range,windSpeed_cv,windSpeed_trend,palmer_p_mean,palmer_p_median,palmer_p_sd,palmer_p_min,palmer_p_max,palmer_p_range,palmer_p_cv,palmer_p_trend,palmer_z_mean,palmer_z_median,palmer_z_sd,palmer_z_min,palmer_z_max,palmer_z_range,palmer_z_cv,palmer_z_trend
site_1,24.772945205479456,24.4,8.686572380841087,5.7,57.2,51.5,0.3506475434709204,0.004728417,17.452294520547945,17.505000000000003,2.4450783872199966,8.39,25,16.61,0.14010068328500963,-0.00114411,15.802442922374428,15.69,2.9856202120154385,5.94,26.3,20.36,0.18893409244896853,-0.001141546,28.70844748858448,28.1,9.427376672385677,2.8,73.6,70.8,0.32838336786182337,0.004584242,290.4985159817352,291.895,11.213028802289658,259.27,314.78,55.50999999999999,0.038599264,0.000585825,88.12100456621005,89.31,7.591531836,52.65,100,47.35,0.086148948,-0.006229624,0.7439703196347033,0.7024999999999999,0.5089725450655384,0.04,3.954,3.914,0.6841301751331275,7.436715184972786e-05,278.02310502283103,278.405,10.592281444692738,250.95,297.26,46.31,0.038098565,0.000577775,42.49969178082192,41.225,11.113528266101602,13.65,79.16,65.50999999999999,0.26149667916219116,-0.000179348,0.0066702,0.005364,0.004253661,0.000769,0.017777,0.017008000000000002,0.6377112370765485,-6.06E-08,2.3303196347031965,1.3849999999999998,2.6243491714390337,0,13.71,13.71,1.1261756251619477,0.000521101,4.595993150684932,4.705,2.520257433206666,0.35,15.55,15.200000000000001,0.5483597017178055,0.000297343,3.354942922374429,3.385,1.9554796259532852,0.25,10.73,10.48,0.582865244,0.000182083,180.77490867579908,184.89,76.04317363,60.79,319.24,258.45,0.42065115224024524,0.003661416,184.28082191780823,184.39999999999998,42.85948632769906,50.5,320.2,269.7,0.23257703043464273,-0.012559898,4.342842465753424,4.32,0.7472230342101306,2.49,6.64,4.1499999999999995,0.17205851699723063,0.00022029,4.402397260273973,4,2.3508972749644794,0,10,10,0.5340038928740786,0.002231933,4.847031963,5,1.4212599252895455,0,10,10,0.29322272599002397,0.000447675
site_2,24.67363014,24.25,8.591868624275435,4.3,57.3,53,0.34822069458664856,0.003963813,17.467442922374428,17.54,2.4217718880589008,8.33,24.9,16.57,0.13864490062004442,-0.001163296,15.820890410958905,15.705,2.9753160120484488,5.91,26.26,20.35,0.188062488,-0.001174242,28.624657534246573,28.2,9.361782761893737,2.3,73.9,71.60000000000001,0.3270530922751928,0.004395597,290.5338242009132,292.045,11.226273086267359,259.28,314.94,55.660000000000025,0.038640159,0.000572399,88.23183789954338,89.35499999999999,7.530118879777826,52.59,100,47.41,0.08534469,-0.006370796,0.7470525114155251,0.7004999999999999,0.513061722,0.042,3.987,3.9450000000000003,0.6867813361905026,7.370072766302131e-05,278.05738584474886,278.495,10.57325128916014,250.9,297.32,46.41999999999999,0.038025429,0.000629279,42.50800228310503,41.35,11.094444555928025,13.57,79.43,65.86000000000001,0.2609966114624388,-0.00017087,0.006664968,0.0054055,0.004228709,0.00077,0.017691,0.016921,0.6344679447836357,-6.26E-08,2.3313470319634706,1.395,2.6425118659640106,0,14.7,14.7,1.1334699766848848,0.000590033,4.608036529680366,4.725,2.5355566028658907,0.37,15.62,15.25,0.5502466368342285,0.00030289,3.3604680365296797,3.39,1.9635528639267539,0.25,10.76,10.51,0.5843093410150374,0.000186166,180.6018493150685,185.125,75.95580549928877,60.63,319.04,258.41,0.42057047470638165,0.003585175,185.17100456621003,184.8,42.662081528691374,49.6,320.6,271,0.2303928826688255,-0.011333683,4.353595890410959,4.33,0.7492312444766344,2.47,6.67,4.199999999999999,0.17209480699089655,0.000222643,4.497146118721461,4,2.4395061970609206,0,10,10,0.5424565118988112,0.002627026,4.8744292237442925,5,1.4213341916172029,0,10,10,0.29158987162919664,0.000607354
site_3,25.542465753424654,25.2,8.994322173626117,3,59.1,56.1,0.3521321026894275,0.003848334,17.440479452054795,17.465,2.4368023058689605,8.15,24.7,16.549999999999997,0.13972106171552884,-0.001056061,15.814223744292237,15.74,2.9776462027652983,5.79,25.99,20.2,0.1882891156032877,-0.00107485,28.755821917808216,28.3,9.418294418749133,2.5,74.8,72.3,0.3275265247388554,0.004082022,290.65025114155253,292.03,11.276492163244036,259.48,314.97,55.49000000000001,0.038797462,0.000693577,88.50353881,89.57499999999999,7.480797993419992,52.02,100,47.98,0.084525411,-0.005705763,0.7576723744292237,0.7075,0.5220475701433114,0.038,4.028,3.9899999999999998,0.6890149195905219,7.13007562250779e-05,277.8547146118721,278.17499999999995,10.639701670201209,250.81,297.16,46.35000000000002,0.03829232,0.000493469,41.68891552511416,40.48,10.79409001738295,13.15,78.71,65.55999999999999,0.2589199042820002,-0.00042117,0.006662856,0.005359,0.004248253,0.000763,0.017571,0.016808,0.6376023792999858,-2.68E-08,2.2647260273972605,1.3650000000000002,2.5658071340496202,0,14.31,14.31,1.1329437216732028,0.000499051,4.773835616438356,4.855,2.6166596382555682,0.34,16.15,15.809999999999999,0.548125208,0.000317118,3.4526141552511413,3.5,2.006111471,0.25,11.07,10.82,0.5810413156362491,0.000195875,181.21607305936072,184.93,76.04544814410383,61.41,319.38,257.97,0.41963964266676124,0.003643654,185.72614155251142,185.5,42.77001189005976,51.5,320.8,269.3,0.23028536280643697,-0.01087593,4.661598173515982,4.645,0.7825748994432885,2.66,7.09,4.43,0.16787695342111314,0.000236317,4.4520547945205475,4,2.3064299394281873,0,10,10,0.5180596479331006,0.002052041,4.869292237442922,5,1.4129149736684283,0,10,10,0.29016844846642675,0.000452517
site_4,26.318835616438356,26.3,9.289093571215897,2.7,62.3,59.599999999999994,0.35294470114833143,0.004265855,17.281472602739726,17.345,2.4247952887144444,7.89,24.46,16.57,0.14031184404563002,-0.001197719,15.66533105022831,15.585,2.974323606772304,5.78,26.25,20.47,0.18986662951683714,-0.001197146,29.315981735159816,28.8,9.569216498830658,2.4,73.7,71.3,0.3264163753845541,0.004608611,290.32028538812784,291.62,11.288688100401334,259.35,314.91,55.56,0.038883566,0.000720876,87.70189497716895,88.885,7.465140055200888,51.46,100,48.54,0.085119484,-0.006019485,0.7470353881278539,0.698,0.519066934,0.041,4.029,3.988,0.6948358028470929,8.436473746337698e-05,277.98566210045664,278.345,10.692572845641028,250.76,297.48,46.72000000000003,0.038464476062715115,0.000581515,42.28187214611872,40.97,10.98350724616576,12.98,78.87,65.89,0.2597687067452616,-0.000770843,0.006621417,0.005383,0.004208434,0.000759,0.017393,0.016634,0.6355790930815315,-7.65E-08,2.2808333333333333,1.35,2.590390013931689,0,13.31,13.31,1.135720868366104,0.000503395,4.739611872146118,4.83,2.6330752000605906,0.36,16.05,15.690000000000001,0.5555465871656537,0.000370455,3.427819634703196,3.385,2.0163534424577656,0.25,11.02,10.77,0.5882320709188525,0.000224437,180.62861872146118,185.1,76.15891964710063,59.29,321.27,261.97999999999996,0.4216326304556516,0.003474415,187.36723744292235,186.85000000000002,43.07306140031929,50.6,322.2,271.59999999999997,0.2298857686549423,-0.008996392,4.697773972602739,4.68,0.7737474480055991,2.62,7.22,4.6,0.16470512470758883,0.000251372,4.563356164383562,4,2.494568010313296,0,10,10,0.5466520517909812,0.002640129,4.886415525114155,5,1.4451336797864185,0,10,10,0.29574514741102736,0.000594408
site_5,24.677853881278534,24.3,8.547560358853183,5.5,55.3,49.8,0.34636562806369703,0.005623173,17.34288812785388,17.32,2.4436315032258205,8.6,24.99,16.39,0.14090107052591655,-0.000934033,15.693287671232877,15.61,2.986028946876296,6.02,26.42,20.400000000000002,0.19027427581984238,-0.000906749,29.048744292237444,28.45,9.437510689384098,2.8,72.5,69.7,0.3248853235940405,0.004240343,290.6371689497717,292.025,11.145029380163068,259.31,314.83,55.51999999999998,0.038346882542367344,0.000508393,87.64810502283105,88.88,7.685037028274913,53.17,100,46.83,0.087680584,-0.005327672,0.7528264840182647,0.715,0.5099748534690146,0.036,3.96,3.924,0.6774135398996429,6.342442100471498e-05,278.2170662100457,278.78,10.464673796703618,251.24,297.03,45.789999999999964,0.037613342,0.000377084,42.617819634703196,41.285,11.34278192300533,13.48,80.29,66.81,0.26615115508558385,0.000100819,0.006690033,0.0053565,0.004244596,0.000781,0.017764,0.016982999999999998,0.6344656194501708,-6.41E-08,2.2797260273972606,1.355,2.589696376450198,0,13.77,13.77,1.1359682458891025,0.00033748,4.594771689497717,4.720000000000001,2.5025758999656587,0.35,15.43,15.08,0.5446572907389073,0.000253653,3.3595433789954336,3.395,1.9478506528803694,0.26,10.67,10.41,0.5797962500078845,0.00015626,181.1150799086758,185.16,76.10968054681888,61.49,319.68,258.19,0.42022829123447863,0.003787512,184.28082191780823,184.39999999999998,42.85948632769906,50.5,320.2,269.7,0.23257703043464273,-0.012559898,4.240445205479452,4.21,0.732319863,2.38,6.45,4.07,0.17269881521495645,0.000211807,4.274543378995434,4,2.2797305970553245,0,10,10,0.5333272808173226,0.001643313,4.812785388127854,5,1.3997295905082823,0,10,10,0.29083565495380814,0.000307167
site_6,25.94931506849315,25.7,9.156000202791459,5.2,61.9,56.699999999999996,0.3528416907584736,0.003930248,17.36068493150685,17.415,2.4385894916838757,8.08,24.68,16.6,0.1404662028776427,-0.001058909,15.716358447488583,15.65,2.992202516,5.87,26.35,20.48,0.1903877749794758,-0.001078237,29.01849315068493,28.6,9.496168442114078,2.1,73.2,71.10000000000001,0.32724540150321135,0.004123017,290.30085616438356,291.66,11.219949233248023,259.35,314.77,55.41999999999996,0.038649383889156355,0.000652569,87.80388127853882,88.91,7.499324794846486,51.55,100,48.45,0.085409946,-0.005607346,0.7417168949771689,0.693,0.5129595609555854,0.042,3.992,3.95,0.6915840321681967,7.562836301481432e-05,277.9579908675799,278.31,10.72602141807967,250.86,297.43,46.56999999999999,0.038588642062784166,0.00048056,42.30203196347032,41.05,10.91004102587121,13.24,78.25,65.01,0.25790820250177376,-0.000558138,0.006626997,0.0053885,0.00421363,0.000762,0.017418,0.016656,0.63582793,-6.64E-08,2.3473858447488585,1.4,2.7047505378737604,0,14.88,14.88,1.1522394343155526,0.000572018,4.729006849315069,4.8100000000000005,2.6169455765525615,0.36,16.01,15.650000000000002,0.553381642,0.000330571,3.4226712328767124,3.375,2.004774366799215,0.25,10.99,10.74,0.5857338407329958,0.000203212,180.77068493150685,185.34500000000003,76.11624720349562,59.81,320.21,260.4,0.42106521437552613,0.003460095,187.36723744292235,186.85000000000002,43.07306140031929,50.6,322.2,271.59999999999997,0.2298857686549423,-0.008996392,4.717089041095891,4.705,0.7805230925525242,2.65,7.24,4.59,0.16546711027765343,0.000250595,4.514269406392694,4,2.5725925555945626,0,10,10,0.5698801564548834,0.002648501,4.8755707762557075,5,1.4541851170259454,0,10,10,0.29825946207322135,0.000611076
site_7,26.318835616438356,26.3,9.289093571215897,2.7,62.3,59.599999999999994,0.35294470114833143,0.004265855,17.281472602739726,17.345,2.4247952887144444,7.89,24.46,16.57,0.14031184404563002,-0.001197719,15.66533105022831,15.585,2.974323606772304,5.78,26.25,20.47,0.18986662951683714,-0.001197146,29.315981735159816,28.8,9.569216498830658,2.4,73.7,71.3,0.3264163753845541,0.004608611,290.32028538812784,291.62,11.288688100401334,259.35,314.91,55.56,0.038883566,0.000720876,87.70189497716895,88.885,7.465140055200888,51.46,100,48.54,0.085119484,-0.006019485,0.7470353881278539,0.698,0.519066934,0.041,4.029,3.988,0.6948358028470929,8.436473746337698e-05,277.98566210045664,278.345,10.692572845641028,250.76,297.48,46.72000000000003,0.038464476062715115,0.000581515,42.28187214611872,40.97,10.98350724616576,12.98,78.87,65.89,0.2597687067452616,-0.000770843,0.006621417,0.005383,0.004208434,0.000759,0.017393,0.016634,0.6355790930815315,-7.65E-08,2.2808333333333333,1.35,2.590390013931689,0,13.31,13.31,1.135720868366104,0.000503395,4.739611872146118,4.83,2.6330752000605906,0.36,16.05,15.690000000000001,0.5555465871656537,0.000370455,3.427819634703196,3.385,2.0163534424577656,0.25,11.02,10.77,0.5882320709188525,0.000224437,180.62861872146118,185.1,76.15891964710063,59.29,321.27,261.97999999999996,0.4216326304556516,0.003474415,187.36723744292235,186.85000000000002,43.07306140031929,50.6,322.2,271.59999999999997,0.2298857686549423,-0.008996392,4.697773972602739,4.68,0.7737474480055991,2.62,7.22,4.6,0.16470512470758883,0.000251372,4.563356164383562,4,2.494568010313296,0,10,10,0.5466520517909812,0.002640129,4.886415525114155,5,1.4451336797864185,0,10,10,0.29574514741102736,0.000594408
site_8,25.219977168949768,24.9,8.925663348430994,5.4,59,53.6,0.35391242778046833,0.003771542,17.431175799086756,17.485,2.447359561440852,8.18,24.84,16.66,0.14040128960027315,-0.00117389,15.797340182648403,15.7,2.988744697362243,5.82,26.2,20.38,0.18919290607193748,-0.001173717,28.749086757990867,28.2,9.453560445782431,2.4,74.7,72.3,0.3288299390294474,0.004373979,290.6168378995434,292.065,11.25610800910049,259.46,314.95,55.49000000000001,0.038731782,0.000685801,88.35095890410959,89.37,7.516775378724679,52.07,100,47.93,0.085078594,-0.005959197,0.7528835616438357,0.7075,0.5185935406604212,0.041,4.019,3.978,0.6888097536996705,7.730834748419603e-05,277.97341324200914,278.36,10.634928329066955,250.79,297.32,46.53,0.038258797,0.000558805,42.005388127853884,40.79,10.905010722948493,13.23,79.16,65.92999999999999,0.2596098074312841,-0.000458387,0.00667654,0.0054205,0.00424502,0.000767,0.017629,0.016862,0.6358114366435138,-4.54E-08,2.2973173515981737,1.39,2.6222310457468905,0,15.63,15.63,1.1414317851744271,0.000549692,4.7181278538812785,4.81,2.592355404,0.37,15.98,15.610000000000001,0.5494457726242958,0.000330377,3.4205936073059355,3.46,1.9930624800685128,0.25,10.98,10.73,0.582665674,0.00020291,180.97494292237442,185.14499999999998,76.03318602460071,61.05,319.19,258.14,0.4201310125966644,0.003605156,186.69086757990868,186.9,42.85534934,50.2,321.1,270.90000000000003,0.22955246763218004,-0.010759371,4.571347032,4.5649999999999995,0.7726355967812804,2.6,7.01,4.41,0.16901705151214924,0.000233956,4.482876712328767,4,2.4213055345514465,0,10,10,0.5401231597318735,0.002419786,4.872716894977169,5,1.4437939674026095,0,10,10,0.2963016318249235,0.000527162
site_9,24.952625570776256,24.65,8.738755590515257,5.4,57.7,52.300000000000004,0.3502138709102347,0.004218024,17.449668949771688,17.5,2.445211237383915,8.3,24.97,16.669999999999998,0.14012937691954944,-0.001115786,15.803059360730593,15.715,2.982651972059536,5.88,26.27,20.39,0.1887388956768207,-0.001126245,28.704908675799086,28.2,9.428083285785858,2.7,73.9,71.2,0.32844846824872886,0.004412301,290.5179452054794,291.93,11.218390717851086,259.38,314.79,55.410000000000025,0.038615139,0.000605591,88.20537671232877,89.25999999999999,7.552926794865028,52.37,100,47.63,0.085628871,-0.006083855,0.7468504566210046,0.7035,0.5117065340132431,0.04,3.97,3.93,0.6851526024746246,7.381785887220041e-05,277.96995433789954,278.315,10.620813308799884,250.85,297.24,46.390000000000015,0.038208494,0.000552413,42.275148401826485,41.035,10.999443504017293,13.51,78.53,65.02,0.26018698738718243,-0.000208134,0.006662239,0.0053635,0.004251885,0.00077,0.017694,0.016924,0.6382067281634256,-4.99E-08,2.3129452054794517,1.395,2.6081721326840928,0,14.3,14.3,1.127641125,0.00053247,4.650034246575342,4.755,2.546210071738147,0.35,15.73,15.38,0.5475680256792474,0.000301415,3.3838698630136985,3.42,1.9691528035899812,0.25,10.85,10.6,0.5819233254544369,0.000189632,180.92260273972605,184.84,76.04565054453626,61,319.29,258.29,0.42032144902279006,0.003656501,184.28082191780823,184.39999999999998,42.85948632769906,50.5,320.2,269.7,0.23257703043464273,-0.012559898,4.4493036529680365,4.43,0.7583860500731537,2.57,6.79,4.220000000000001,0.1704505039945409,0.000224088,4.410958904109589,4,2.3222309563756753,0,10,10,0.5264685087435538,0.00218763,4.853310502283105,5,1.427430395404735,0,10,10,0.2941147892213449,0.000507142
site_10,24.952625570776256,24.65,8.738755590515257,5.4,57.7,52.300000000000004,0.3502138709102347,0.004218024,17.449668949771688,17.5,2.445211237383915,8.3,24.97,16.669999999999998,0.14012937691954944,-0.001115786,15.803059360730593,15.715,2.982651972059536,5.88,26.27,20.39,0.1887388956768207,-0.001126245,28.704908675799086,28.2,9.428083285785858,2.7,73.9,71.2,0.32844846824872886,0.004412301,290.5179452054794,291.93,11.218390717851086,259.38,314.79,55.410000000000025,0.038615139,0.000605591,88.20537671232877,89.25999999999999,7.552926794865028,52.37,100,47.63,0.085628871,-0.006083855,0.7468504566210046,0.7035,0.5117065340132431,0.04,3.97,3.93,0.6851526024746246,7.381785887220041e-05,277.96995433789954,278.315,10.620813308799884,250.85,297.24,46.390000000000015,0.038208494,0.000552413,42.275148401826485,41.035,10.999443504017293,13.51,78.53,65.02,0.26018698738718243,-0.000208134,0.006662239,0.0053635,0.004251885,0.00077,0.017694,0.016924,0.6382067281634256,-4.99E-08,2.3129452054794517,1.395,2.6081721326840928,0,14.3,14.3,1.127641125,0.00053247,4.650034246575342,4.755,2.546210071738147,0.35,15.73,15.38,0.5475680256792474,0.000301415,3.3838698630136985,3.42,1.9691528035899812,0.25,10.85,10.6,0.5819233254544369,0.000189632,180.92260273972605,184.84,76.04565054453626,61,319.29,258.29,0.42032144902279006,0.003656501,184.28082191780823,184.39999999999998,42.85948632769906,50.5,320.2,269.7,0.23257703043464273,-0.012559898,4.4493036529680365,4.43,0.7583860500731537,2.57,6.79,4.220000000000001,0.1704505039945409,0.000224088,4.410958904109589,4,2.3222309563756753,0,10,10,0.5264685087435538,0.00218763,4.853310502283105,5,1.427430395404735,0,10,10,0.2941147892213449,0.000507142
site_11,26.046347031963474,25.3,9.002441215750267,2.5,59.1,56.6,0.3456316236861422,0.004744557,17.173961187214612,17.25,2.3744801292784734,8.28,23.85,15.570000000000002,0.13826048070064273,-0.000991234,15.615707762557077,15.455,2.9652844622387473,5.66,25.56,19.9,0.18989113444789396,-0.000909404,29.71187214611872,29,9.517816538202775,4.1,74.8,70.7,0.3203371531553286,0.004043795,290.6619634703196,291.96000000000004,11.175280073862096,258.12,314.71,56.589999999999975,0.038447687,0.000340862,87.78597032,88.945,7.348011929060904,52.93,100,47.07,0.083703716,-0.005693661,0.7630958904109589,0.688,0.5287557203563809,0.032,3.976,3.944,0.6929086200053101,4.681735234197706e-05,278.12384703196346,278.24,10.61189653642969,250.09,297.44,47.349999999999994,0.038155292,0.000508595,41.86228310502283,40.6,11.144459279898363,11.57,80.8,69.22999999999999,0.2662171877233614,0.001105882,0.006716894,0.005515,0.004207658,0.00078,0.017174,0.016394,0.6264290849421408,1.2843999848109606e-11,2.199121005,1.26,2.565206967175291,0,18.84,18.84,1.1664692219522925,0.00028374,4.719075342465754,4.745,2.624144642338252,0.3,15.39,15.09,0.5560717835386616,0.000197088,3.428607305936073,3.375,2.018497423916509,0.23,10.66,10.43,0.5887222547831041,0.000118889,182.22101598173515,185.23000000000002,75.80617110965098,62.38,318.34,255.95999999999998,0.4160122294414678,0.002302448,184.79897260273972,183.5,43.39608315494649,49.5,323.9,274.4,0.23482859533117947,-0.007236955,4.446232876712329,4.4,0.7147199602414386,2.51,6.69,4.180000000000001,0.1607473067784796,0.000233225,4.512557077625571,4,2.243423130537919,0,10,10,0.49715119209491954,0.001565406,4.856735159817352,5,1.415532824,0.5,10,9.5,0.2914576927991219,0.000375265
site_12,26.046347031963474,25.3,9.002441215750267,2.5,59.1,56.6,0.3456316236861422,0.004744557,17.173961187214612,17.25,2.3744801292784734,8.28,23.85,15.570000000000002,0.13826048070064273,-0.000991234,15.615707762557077,15.455,2.9652844622387473,5.66,25.56,19.9,0.18989113444789396,-0.000909404,29.71187214611872,29,9.517816538202775,4.1,74.8,70.7,0.3203371531553286,0.004043795,290.6619634703196,291.96000000000004,11.175280073862096,258.12,314.71,56.589999999999975,0.038447687,0.000340862,87.78597032,88.945,7.348011929060904,52.93,100,47.07,0.083703716,-0.005693661,0.7630958904109589,0.688,0.5287557203563809,0.032,3.976,3.944,0.6929086200053101,4.681735234197706e-05,278.12384703196346,278.24,10.61189653642969,250.09,297.44,47.349999999999994,0.038155292,0.000508595,41.86228310502283,40.6,11.144459279898363,11.57,80.8,69.22999999999999,0.2662171877233614,0.001105882,0.006716894,0.005515,0.004207658,0.00078,0.017174,0.016394,0.6264290849421408,1.2843999848109606e-11,2.199121005,1.26,2.565206967175291,0,18.84,18.84,1.1664692219522925,0.00028374,4.719075342465754,4.745,2.624144642338252,0.3,15.39,15.09,0.5560717835386616,0.000197088,3.428607305936073,3.375,2.018497423916509,0.23,10.66,10.43,0.5887222547831041,0.000118889,182.22101598173515,185.23000000000002,75.80617110965098,62.38,318.34,255.95999999999998,0.4160122294414678,0.002302448,184.79897260273972,183.5,43.39608315494649,49.5,323.9,274.4,0.23482859533117947,-0.007236955,4.446232876712329,4.4,0.7147199602414386,2.51,6.69,4.180000000000001,0.1607473067784796,0.000233225,4.5131278538812785,4,2.2438650581482165,0,10,10,0.4971862377482832,0.001561501,4.856735159817352,5,1.415532824,0.5,10,9.5,0.2914576927991219,0.000375265
site_13,25.926712328767128,25.2,9.013456134,2.5,59.4,56.9,0.347651334,0.004791651,17.200673515981734,17.265,2.385115971885698,8.34,23.94,15.600000000000001,0.13866410345325172,-0.001032736,15.61738584474886,15.47,2.9741342536755777,5.67,25.67,20,0.19043739350754346,-0.000964357,29.638356164383563,28.95,9.528234372948694,4,74.7,70.7,0.3214832266709441,0.0041728,290.64944063926936,291.96000000000004,11.172454141164808,258.25,314.7,56.44999999999999,0.03843962,0.000334613,87.66654109589042,88.735,7.390079492679932,52.95,100,47.05,0.084297605,-0.006025269,0.7676438356164382,0.691,0.5313889172405744,0.033,3.985,3.952,0.6922336799771929,4.9131414468913076e-05,278.15356164383564,278.27,10.605055123100882,250.19,297.42,47.23000000000002,0.03812662,0.00059531,41.883949771689494,40.59,11.126764101771572,11.68,81.18,69.5,0.26565699181724395,0.001053065,0.006693896,0.005499,0.004188218,0.000777,0.017112,0.016335,0.6256771109975994,-4.70E-09,2.225513698630137,1.27,2.570213392353335,0,18.22,18.22,1.1548854513613507,0.000277597,4.734646118721462,4.755,2.630591542043236,0.3,15.39,15.09,0.5556046800713371,0.000207648,3.4371803652968036,3.38,2.021310420688378,0.23,10.66,10.43,0.5880722586153363,0.000121674,182.18997716894975,185.34,75.73385977210731,62.91,317.89,254.98,0.4156862026601893,0.002283582,184.79897260273972,183.5,43.39608315494649,49.5,323.9,274.4,0.23482859533117947,-0.007236955,4.448002283105023,4.415,0.7160729759208223,2.51,6.7,4.19,0.16098754684562624,0.000235357,4.418378995,4,2.1966438956525627,0,9,9,0.4971605871571231,0.001609307,4.827625570776256,5,1.403262450020798,0.5,10,9.5,0.2906734230830501,0.000301624
site_14,25.940867579908677,25.7,8.964578757904123,5.2,58.3,53.099999999999994,0.34557744571531723,0.004836931,17.272842465753424,17.37,2.379605657408807,7.77,24.05,16.28,0.13776572455441607,-0.001019479,15.712043378995434,15.6,2.9367444316054727,5.67,26.47,20.799999999999997,0.18691040756235722,-0.000963824,29.379680365296803,28.8,9.474692216209325,2.9,73,70.1,0.32249133068856684,0.004102825,290.55489726027395,291.875,11.259618693246162,258.4,315,56.60000000000002,0.038752122,0.000433411,88.13618721461188,89.25999999999999,7.309310106281636,52.68,100,47.32,0.082931998,-0.005920212,0.760208904,0.6904999999999999,0.5257766453431503,0.037,4.035,3.998,0.6916212668660826,5.112951776983893e-05,277.93229452054794,278.16,10.64109691147805,250.04,297.18,47.140000000000015,0.038286652,0.000573536,41.88855022831051,40.650000000000006,11.000046848114744,12.07,80.08,68.00999999999999,0.26260271095943366,0.000593157,0.006635404,0.005386,0.004203435,0.000757,0.017156,0.016399,0.6334858373706636,-2.69E-08,2.203915525114155,1.29,2.5983955511724113,0,14.91,14.91,1.1789905382320964,0.000441475,4.723561643835617,4.77,2.624947289679794,0.32,15.57,15.25,0.5557135669236847,0.000251077,3.425479452054794,3.39,2.016700167,0.23,10.75,10.52,0.5887351524047737,0.00015285,181.5459817351598,184.845,76.28923901697814,60.55,320.55,260,0.42021992603653036,0.003013292,185.24657534246575,184.1,43.25552330617327,49.9,323.7,273.8,0.23350241820236994,-0.007764299,4.478618721461187,4.44,0.7223313573329716,2.51,6.77,4.26,0.16128440536177302,0.000239771,4.719748858447488,4,2.474400518872298,0,10,10,0.5242652931508365,0.002632542,4.926940639269406,5,1.4693692154980902,0.5,10,9.5,0.298231565,0.000631186
site_15,25.890981735159816,25.45,8.999866738974589,4.1,58.4,54.3,0.347606237,0.004693855,17.28449771689498,17.335,2.443629981694796,7.6,24.58,16.979999999999997,0.14137697384785647,-0.001288974,15.735273972602743,15.72,2.985789485526341,5.65,26.21,20.560000000000002,0.18975135041976438,-0.001286896,29.362442922374434,28.8,9.599865294,2.8,74,71.2,0.32694368515527394,0.004948502,290.49301369863014,291.86,11.414119162689968,258.94,315.22,56.28000000000003,0.039292233,0.000395007,88.31590182648404,89.575,7.404636582,52.53,100,47.47,0.08384262,-0.007369515,0.766013699,0.7064999999999999,0.5344198192351617,0.038,4.078,4.04,0.6976635276769398,6.010536721209779e-05,277.73880136986304,278,10.680090321296367,250.71,296.99,46.28,0.038453720793133826,0.000954826,41.65005707762557,40.17,11.003002262414405,12.54,80.49,67.94999999999999,0.2641773633564892,0.000271224,0.006547637,0.0052985,0.004164135,0.000741,0.017063,0.016322,0.6359751716209936,-6.85E-08,2.1634474885844748,1.225,2.5569865318289966,0,16.8,16.8,1.1819036724122254,0.00042839,4.727442922374429,4.83,2.6536742151872095,0.32,15.57,15.25,0.561333951,0.000297791,3.422591324200913,3.425,2.0347631821451153,0.23,10.76,10.53,0.5945095366067932,0.000183678,180.80577625570774,185.235,76.42203398268326,58.85,323.08,264.22999999999996,0.42267473730818234,0.003622172,187.17968036529683,186.8,43.454998219048036,50.4,323.4,273,0.2321566001942196,-0.008221422,4.470582191780822,4.44,0.7298856818305965,2.48,6.92,4.4399999999999995,0.16326412322146622,0.000250048,4.670091324200913,4,2.5593762601413177,0,10,10,0.5480355912695659,0.002699346,4.8841324200913245,5,1.4587123867348828,0.5,10,9.5,0.2986635621782768,0.000601191
site_16,26.026712328767125,25.75,9.093499292014394,4,59.1,55.1,0.3493910094039584,0.004758726,17.27229452054795,17.345,2.4393716647401438,7.6,24.44,16.840000000000003,0.14123031898501676,-0.00123633,15.71560502283105,15.614999999999998,2.9753520146557992,5.65,26.15,20.5,0.18932468780764836,-0.001215096,29.448744292237443,28.9,9.636996386,2.8,73.9,71.10000000000001,0.3272464282342796,0.004842335,290.55019406392694,291.90999999999997,11.377852558528685,258.84,315.23,56.39000000000004,0.039159679776449664,0.000496579,88.26320776255709,89.46,7.380637284096259,52.52,100,47.48,0.083620769,-0.006955662,0.7655764840182648,0.7084999999999999,0.5318947992634712,0.035,4.075,4.04,0.694763763,6.602064947439124e-05,277.7833675799087,278.1,10.664056182007522,250.72,296.93,46.21000000000001,0.038389829725639854,0.000892656,41.500388127853874,40.07,10.983485728741416,12.17,80.43,68.26,0.2646598314913015,2.215380221222017e-05,0.006568465,0.005319,0.004172855,0.000745,0.01706,0.016315,0.6352862291649519,-5.73E-08,2.193276255707763,1.2349999999999999,2.617115839311827,0,17.26,17.26,1.1932449605931161,0.000459911,4.731860730593608,4.845000000000001,2.6472414924628276,0.33,15.59,15.26,0.559450424,0.0003189,3.4261643835616433,3.435,2.029363643,0.23,10.77,10.54,0.5923135657414342,0.000196487,180.88364155251142,185.24,76.42814747129715,58.74,322.33,263.59,0.4225265856841437,0.003522014,185.20810502283106,184.1,43.29772859964496,49.6,324,274.4,0.23377880030848297,-0.007919443,4.472819634703196,4.43,0.7255910325133529,2.51,6.84,4.33,0.16222228745458928,0.00024465,4.739726027397261,4,2.604035666311625,0,10,10,0.5494063689038977,0.00290394,4.913812785388128,5,1.484794646755194,0.5,10,9.5,0.302167525,0.000674319
site_17,25.957762557077626,25.65,9.244791030839737,5.4,61.6,56.2,0.35614745340672893,0.003959674,17.34656392694064,17.42,2.4339756355220925,8.11,24.6,16.490000000000002,0.1403145686819237,-0.001119053,15.710102739726027,15.629999999999999,2.977931633857394,5.92,26.23,20.310000000000002,0.18955519789995512,-0.001099783,29.087671232876712,28.5,9.484479441941252,2.4,73,70.6,0.3260652723282054,0.004256073,290.43276255707764,291.79,11.194060839393403,259.23,314.68,55.44999999999999,0.038542693,0.000698847,87.99066210045663,88.94,7.475191084741835,51.93,100,48.07,0.084954368,-0.005437528,0.7491769406392694,0.7,0.5135460030326621,0.042,3.975,3.9330000000000003,0.6854802586348366,7.530876252658168e-05,277.88079908675803,278.225,10.707298157628104,250.79,297.22,46.430000000000035,0.038531983,0.000450513,41.84176940639269,40.730000000000004,10.750985436272165,13.12,77.97,64.85,0.2569438527288858,-0.000591256,0.006605766,0.0053575,0.004206386,0.000755,0.017346,0.016591,0.6367748390235625,-4.96E-08,2.3425114155251143,1.39,2.720417321868251,0,14.37,14.37,1.161325108,0.000527092,4.768881278538813,4.84,2.6157385224576033,0.35,16,15.65,0.5485014974537312,0.000335069,3.4447831050228306,3.44,2.0034761055395656,0.25,11.01,10.76,0.5815971701145136,0.000205005,181.24780821917807,185.73000000000002,75.91027597964379,60.53,319.63,259.1,0.4188203803703245,0.003416158,186.7929223744292,186.14999999999998,43.03328960042628,51.1,321.8,270.7,0.23037965814446337,-0.009049997,4.712317351598173,4.7,0.7766486336827002,2.65,7.21,4.5600000000000005,0.16481246396092175,0.000249212,4.492009132420091,4,2.553635617604146,0,10,10,0.5684840663332228,0.002405648,4.869292237442922,5,1.4323735614776294,0,10,10,0.29416463248257024,0.000504437
site_18,25.85719178082192,25.6,9.173527819865717,5.2,61.7,56.5,0.354776648,0.003654659,17.437614155251143,17.494999999999997,2.415306478,8.13,24.77,16.64,0.1385112926636622,-0.00101053,15.807237442922373,15.67,2.969495082346068,5.91,26.36,20.45,0.1878566759731725,-0.000998137,28.772146118721462,28.2,9.395057257602346,2.2,74.7,72.5,0.3265330719104464,0.003805235,290.3203881278539,291.64,11.229880642987682,258.98,314.59,55.60999999999996,0.038680992,0.0006193,88.38165525114155,89.55,7.359957788794561,51.84,100,48.16,0.083274722,-0.004713681,0.7374212328767124,0.686,0.5090704860601089,0.04,3.95,3.91,0.6903387960151387,6.306565479630567e-05,277.7768264840183,278.01,10.779355966056208,249.99,297.27,47.27999999999997,0.038805814,0.000279631,42.12385844748859,41.114999999999995,10.784118066118396,13.19,78.39,65.2,0.2560097404078458,-0.000256318,0.006639938,0.005372,0.00424734,0.000757,0.017478,0.016721,0.6396655097997601,-3.59E-08,2.307054794520548,1.38,2.6533225490899093,0,13.71,13.71,1.1500908237601364,0.00051592,4.7215410958904105,4.81,2.601546567492436,0.35,15.95,15.6,0.5509952184376411,0.000281216,3.4191324200913242,3.415,1.9961290566432375,0.25,10.95,10.7,0.5838115672015772,0.000171978,181.55906392694064,186.10000000000002,75.79025374108114,61.18,319.22,258.04,0.4174413113937354,0.003391317,186.7929223744292,186.14999999999998,43.03328960042628,51.1,321.8,270.7,0.23037965814446337,-0.009049997,4.719200913,4.71,0.7781951667960529,2.67,7.21,4.54,0.1648997745809992,0.000244803,4.473173515981735,4,2.424927522719009,0,10,10,0.5421045068015444,0.002343405,4.872716894977169,5,1.4182671326578689,0,10,10,0.2910629045820061,0.000488826
site_19,22.685388127853884,22.35,7.8319502058835235,4.3,53.2,48.900000000000006,0.3452420633820759,0.003784664,17.752488584474886,17.79,2.349630587618299,8.7,24.83,16.13,0.13235499780425858,-0.000842999,16.07320776255708,15.98,2.917564366650211,5.96,26,20.04,0.18151724346192719,-0.0009162,27.58230593607306,27.1,8.986294469,2.4,72.2,69.8,0.32579924572595925,0.003503498,290.7217237442922,292.275,11.16647140651608,259.66,315.2,55.539999999999964,0.038409484034078185,0.000670496,89.04848173515983,90.285,7.061077979901572,54.34,100,45.66,0.07929476,-0.005073067,0.7332294520547945,0.6865000000000001,0.5036255504525654,0.036,3.983,3.947,0.6868594122088392,7.834648006122992e-05,278.1898973,278.59,10.514552206084069,250.8,296.84,46.039999999999964,0.037796312,0.000527265,43.42546803652968,42.31,11.219152304604384,13.6,80.38,66.78,0.25835420576622886,-0.000581276,0.006846623,0.005603,0.004318078,0.000799,0.01842,0.017620999999999998,0.6306872031771726,-8.54E-08,2.381757991,1.415,2.7530821857220777,0,20.73,20.73,1.1559034109587427,0.000515906,4.3721347031963465,4.485,2.420460989552687,0.3,14.88,14.58,0.5536107997274547,0.000283184,3.2423858447488585,3.21,1.9143111931644017,0.23,10.38,10.15,0.5904020325849517,0.000176659,180.40391552511417,184.48,76.83628918780944,58.36,319.21,260.84999999999997,0.4259125361229369,0.004217039,180.9464611872146,181.7,42.81902741167028,49,317.6,268.6,0.23663920880645442,-0.01390974,3.8705136986301367,3.82,0.6974160305551925,1.99,5.96,3.9699999999999998,0.18018694283449352,0.000200685,4.555365296803653,4,2.4904073457642997,0,10,10,0.546697616,0.002885138,4.882420091324201,5,1.4614097112279036,0,10,10,0.29932076386150186,0.000679741
site_20,25.939726027397256,25.3,8.92011973,2.5,59,56.5,0.34387871794037556,0.004837707,17.203915525114155,17.3,2.374830556260001,8.19,23.94,15.750000000000002,0.13804011957587445,-0.001112749,15.622237442922374,15.475000000000001,2.9529631458724865,5.67,25.71,20.04,0.1890230613035728,-0.001038264,29.609246575342464,28.9,9.470545247567985,3.9,72.8,68.89999999999999,0.31985093654678537,0.004406858,290.6440982,291.935,11.189746875850815,258.42,314.77,56.349999999999966,0.038499824858547374,0.00043592,87.73652968036531,88.66,7.350785412,52.83,100,47.17,0.083782496,-0.006091703,0.7667659817351598,0.69,0.5300351102205418,0.033,4.002,3.969,0.6912605969048005,5.254598156408502e-05,278.1348287671233,278.29499999999996,10.59568228996403,250.36,297.44,47.079999999999984,0.038095488928628865,0.000628535,41.88956621004566,40.75,11.063144046993166,11.77,80.84,69.07000000000001,0.26410261666400553,0.000709794,0.006683268,0.005472,0.004194579,0.000773,0.017112,0.016339,0.6276239079110127,-6.18E-09,2.2096575342465754,1.29,2.563412817094637,0,17.75,17.75,1.1600950723654473,0.000324975,4.735958904,4.77,2.6274646386840055,0.31,15.42,15.11,0.5547904219363146,0.000236485,3.4371232876712328,3.39,2.020001455389901,0.23,10.67,10.44,0.5877011926326682,0.000140994,182.0968607305936,185.32999999999998,75.85548328779768,62.53,318.91,256.38,0.41656667217357146,0.002437433,184.79897260273972,183.5,43.39608315494649,49.5,323.9,274.4,0.23482859533117947,-0.007236955,4.451015982,4.415,0.7167062183332528,2.51,6.7,4.19,0.16102081441052385,0.000238362,4.503995433789954,4,2.2988075169485485,0,10,10,0.5103929501576299,0.001855074,4.860730593607306,5,1.4113892296447432,0.5,10,9.5,0.2903656564511027,0.000402341
site_21,26.53835616438356,26,9.103017164584372,5.3,58.4,53.1,0.34301360296012967,0.006282358,17.04191780821918,17.1,2.396755935859044,7.65,23.79,16.14,0.1406388625289055,-0.001448834,15.525730593607307,15.47,2.936931589311693,5.55,25.82,20.27,0.18916543550749038,-0.001374207,30.198515981735156,29.7,9.631851654320704,3.9,73.7,69.8,0.31895115839951527,0.005897767,290.6776484018265,291.94,11.322969157559575,258.72,315.09,56.36999999999995,0.038953697,0.000735701,87.64990868,88.955,7.476155306384149,52.65,100,47.35,0.085295643,-0.0075373,0.7782454337899543,0.702,0.5379651647917159,0.036,4.063,4.027,0.6912538659840191,8.49151282949568e-05,277.9808219178082,278.185,10.670505534675806,250.98,297.4,46.41999999999999,0.038385762,0.001080866,41.28518264840183,40.230000000000004,10.880411269610322,11.67,78.62,66.95,0.2635427669600369,-2.14E-05,0.006593861,0.0053735,0.004188687,0.000755,0.016969,0.016214000000000003,0.6352404495975486,1.0827018813023409e-08,2.1246118721461187,1.205,2.5743812414437395,0,20.02,20.02,1.2116948395112273,0.000384696,4.779394977,4.81,2.651770103083877,0.31,15.58,15.27,0.5548338473282322,0.000370538,3.4579680365296803,3.4050000000000002,2.0345225346955034,0.23,10.76,10.53,0.5883578197377709,0.000225302,181.6834817351598,184.66500000000002,76.11422326775579,61.09,320.71,259.62,0.4189385988248925,0.002768415,185.0711187214612,184.10000000000002,43.31160667970753,49.9,323.3,273.40000000000003,0.23402682697829844,-0.008258141,4.464600456621004,4.43,0.721073179,2.51,6.75,4.24,0.16150900540289742,0.000240414,4.686643835616438,4,2.3890287983141456,0,10,10,0.5097525824681991,0.00254292,4.906392694063927,5,1.4846336974669496,0.5,10,9.5,0.3025916982273262,0.000610425
site_22,26.54794520547945,25.9,9.122363652522834,2.6,60.1,57.5,0.3436184451156692,0.004244472,17.04099315068493,17.09,2.3758262768287546,8.11,23.88,15.77,0.1394182989113673,-0.001090847,15.513424657534244,15.379999999999999,2.944417658781842,5.62,25.68,20.06,0.18979804419598978,-0.00106379,30.263812785388126,29.75,9.544799611197647,4.1,75.3,71.2,0.3153865535345247,0.004315954,290.79627853881277,292.03499999999997,11.262706860745862,258.69,314.92,56.23000000000002,0.038730574260917236,0.000570989,87.66176940639271,88.69999999999999,7.430081825466524,53,100,47,0.08475852,-0.006609959,0.7827317351598173,0.6995,0.5381453839713607,0.035,4.014,3.979,0.6875221225845439,6.827137524071339e-05,277.96737442922375,278.14,10.635009406194637,250.54,297.33,46.78999999999999,0.038259919632771616,0.000834585,40.92992009,39.855,10.876610576922225,11.46,79.81,68.35,0.26573740072431046,0.000492526,0.00661285,0.0053795,0.004185106,0.000761,0.017012,0.016250999999999998,0.6328747110986238,8.374885919129207e-09,2.1473972602739724,1.21,2.577710274198671,0,20.67,20.67,1.2003881731085928,0.000354493,4.796187214611872,4.84,2.6493883728775622,0.31,15.57,15.26,0.5523946948538709,0.000283958,3.4705251141552513,3.425,2.0323837586735345,0.23,10.77,10.54,0.5856127507575263,0.000174409,182.28771689497717,184.77,75.95636806922039,61.39,319.28,257.89,0.4166839618326106,0.002338346,184.44417808219174,183.64999999999998,43.39699240873194,49.7,323.2,273.5,0.2352852383846642,-0.008277604,4.442146118721461,4.4,0.7135402486278376,2.53,6.67,4.140000000000001,0.16062962125910635,0.00022365,4.581621005,4,2.429699724521454,0,10,10,0.5303144284740984,0.00206447,4.884703196347032,5,1.4476618776176955,0.5,10,9.5,0.29636639513743895,0.000528835
site_23,26.046347031963474,25.3,9.002441215750267,2.5,59.1,56.6,0.3456316236861422,0.004744557,17.173961187214612,17.25,2.3744801292784734,8.28,23.85,15.570000000000002,0.13826048070064273,-0.000991234,15.615707762557077,15.455,2.9652844622387473,5.66,25.56,19.9,0.18989113444789396,-0.000909404,29.71187214611872,29,9.517816538202775,4.1,74.8,70.7,0.3203371531553286,0.004043795,290.6619634703196,291.96000000000004,11.175280073862096,258.12,314.71,56.589999999999975,0.038447687,0.000340862,87.78597032,88.945,7.348011929060904,52.93,100,47.07,0.083703716,-0.005693661,0.7630958904109589,0.688,0.5287557203563809,0.032,3.976,3.944,0.6929086200053101,4.681735234197706e-05,278.12384703196346,278.24,10.61189653642969,250.09,297.44,47.349999999999994,0.038155292,0.000508595,41.86228310502283,40.6,11.144459279898363,11.57,80.8,69.22999999999999,0.2662171877233614,0.001105882,0.006716894,0.005515,0.004207658,0.00078,0.017174,0.016394,0.6264290849421408,1.2843999848109606e-11,2.199121005,1.26,2.565206967175291,0,18.84,18.84,1.1664692219522925,0.00028374,4.719075342465754,4.745,2.624144642338252,0.3,15.39,15.09,0.5560717835386616,0.000197088,3.428607305936073,3.375,2.018497423916509,0.23,10.66,10.43,0.5887222547831041,0.000118889,182.22101598173515,185.23000000000002,75.80617110965098,62.38,318.34,255.95999999999998,0.4160122294414678,0.002302448,184.79897260273972,183.5,43.39608315494649,49.5,323.9,274.4,0.23482859533117947,-0.007236955,4.446232876712329,4.4,0.7147199602414386,2.51,6.69,4.180000000000001,0.1607473067784796,0.000233225,4.512557077625571,4,2.243423130537919,0,10,10,0.49715119209491954,0.001565406,4.856735159817352,5,1.415532824,0.5,10,9.5,0.2914576927991219,0.000375265
site_24,23.620662100456617,23,8.486595394,0.1,58.3,58.199999999999996,0.359286939,0.005908266,18.309908675799086,18.32,2.398705033222874,8.57,25.15,16.58,0.1310058436497466,-0.00107156,16.538801369863013,16.564999999999998,2.8998612077947814,6.13,25.66,19.53,0.17533684231064686,-0.001093421,25.572602739726026,24.85,8.959012608785416,2.1,71.6,69.5,0.3503363619248636,0.004517009,289.2795091324201,290.79499999999996,11.289490783747038,257.94,314.55,56.610000000000014,0.039026237,0.00061598,89.68658675799088,90.725,7.147398152,52.06,100,47.94,0.079693056,-0.005817178,0.6286335616438357,0.5865,0.46008430011413737,0.03,3.893,3.863,0.731879951,6.474817414821475e-05,277.4063812785388,277.88,10.617420123474957,249.13,297.16,48.03000000000003,0.038273885678261295,0.00085645,46.25603881278539,46.120000000000005,10.551917263660325,14.63,79.87,65.24000000000001,0.22811977710343248,0.00043204,0.006748452,0.005523,0.004245029,0.000728,0.017268,0.01654,0.6290374038722752,5.036010059199316e-08,2.4866438356164386,1.58,2.7794969595293275,0,16.72,16.72,1.1177704340759724,0.000395698,4.251506849315069,4.33,2.402910338464993,0.38,15.77,15.389999999999999,0.5651902780897811,0.000296403,3.120673515981735,3.085,1.8656586184569774,0.26,10.81,10.55,0.5978384502263635,0.000196088,176.95383561643834,183.375,73.46238553804943,56.92,312.83,255.90999999999997,0.41515000385346296,0.004883187,192.88847031963473,194.1,41.13513665375492,51.3,310.1,258.8,0.21325865970936492,-0.015109904,4.823892694063926,4.835,0.795247747,2.68,7.21,4.529999999999999,0.16485601931657506,0.000215128,5.009703196347032,4,2.5758288826037217,0.5,10,9.5,0.5141679619826501,0.002440945,5.0005707762557075,5,1.4824890039447867,0,10,10,0.2964639578713921,0.00046553
site_25,23.626940639269407,23.05,8.496053623,2.3,59.4,57.1,0.35959177927502106,0.006488851,18.265285388127854,18.33,2.392777857942046,8.57,25.05,16.48,0.13100139456333454,-0.001685011,16.46902968,16.49,2.8772251018629578,6.12,25.21,19.09,0.17470519864890657,-0.001606316,25.787100456621005,25.2,8.975179131978129,2.5,71.9,69.4,0.3480491785835384,0.006350669,289.44065068493154,291.07500000000005,11.23806726511049,258.81,314.48,55.670000000000016,0.038826844945645186,0.001030538,89.43889269406392,90.58500000000001,7.268214799840005,52.4,100,47.6,0.081264588,-0.007538364,0.6382945205479451,0.6065,0.4603475087178826,0.035,3.877,3.8419999999999996,0.7212148841927962,0.000114768,277.5302397260274,278.095,10.60179338073219,249.3,297.11,47.81,0.038200498047341006,0.001276129,45.915125570776254,45.86,10.273956617256717,14.5,79.89,65.39,0.22375974125171105,-0.00080708,0.0067393,0.0055075,0.004244427,0.000728,0.017788,0.017060000000000002,0.6298023702749009,2.2128373056162246e-08,2.545525114155251,1.61,2.8280839752083855,0,16.68,16.68,1.111002189,0.000369434,4.2716438356164375,4.405,2.3804575441965508,0.39,15.51,15.12,0.5572696684935646,0.000484133,3.1337557077625573,3.11,1.8528892481451984,0.27,10.68,10.41,0.5912679292631035,0.000306826,176.54187214611872,183.22500000000002,73.76778909154031,55.93,312.21,256.28,0.41784868481787024,0.004828617,193.42808219178082,194.64999999999998,41.16842881414359,51.4,308.9,257.5,0.21283584238469447,-0.014844286,4.7528196347031955,4.76,0.7800581990802853,2.63,7.09,4.46,0.16412535274526538,0.000213039,4.972031963,4,2.5560084069007454,0,10,10,0.5140772275157968,0.002084597,5.001712328767123,5,1.4938028114914268,0,10,10,0.2986582820647016,0.000378327
site_26,23.809018264840184,23,8.647061075662744,0.1,57.9,57.8,0.3631842766248047,0.007770116,18.295296803652967,18.28,2.412888297194597,8.51,24.99,16.479999999999997,0.1318857148419053,-0.001307445,16.538744292237443,16.51,2.927974002024497,6.07,25.55,19.48,0.17703726173448117,-0.00127504,25.653082191780822,25.1,9.021034632599498,2.3,72.2,69.9,0.3516550005632389,0.005598651,289.3322716894977,290.87,11.31191885559613,258.15,314.63,56.48000000000002,0.039096637,0.000691099,89.79756849315068,90.91499999999999,7.154765688393364,51.61,100,48.39,0.079676608,-0.006276605,0.6346084474885844,0.595,0.4641573976975006,0.03,3.929,3.899,0.7314075309497832,6.793964480404867e-05,277.3479109589041,277.855,10.653264708360982,249.05,297.23,48.18000000000001,0.038411195,0.000982881,45.90840182648401,45.785,10.610588058759548,14.51,80.6,66.08999999999999,0.23112518921620195,-4.78E-05,0.006726318,0.0055105,0.004235885,0.000727,0.017211,0.016484000000000002,0.629747953,4.912988818401108e-08,2.4631506849315072,1.585,2.7479086909213493,0,17.72,17.72,1.115607221162663,0.000336684,4.2909132420091325,4.375,2.430206191668839,0.34,15.97,15.63,0.5663610645576569,0.000325005,3.1439155251141555,3.0999999999999996,1.8822480213480264,0.26,10.95,10.69,0.5986954822139129,0.000212339,177.08321917808223,181.235,73.73841743364599,57.5,313.28,255.77999999999997,0.41640544923396483,0.004925814,192.33333333333334,193.55,41.25750058646686,51.3,311.2,259.9,0.2145104016627393,-0.013308405,4.864235159817351,4.89,0.8087771842361505,2.69,7.26,4.57,0.16627016533191613,0.000217529,4.947488584474886,4,2.575256443,0,10,10,0.5205179151203361,0.002123044,4.968607305936073,5,1.4865787315993146,0,10,10,0.2991942490249281,0.000368509
site_27,23.917351598173514,23.3,8.587579717595586,0.1,57.7,57.6,0.3590522839598758,0.006902739,18.325422374429223,18.4,2.3703371780364026,8.45,24.88,16.43,0.1293469328894653,-0.001333647,16.543892694063928,16.509999999999998,2.888995935989838,5.97,25.48,19.51,0.17462612877236755,-0.001279036,25.63778538812785,25.2,8.862953223635602,2.1,72.5,70.4,0.3456988616395779,0.005467316,289.3884018,291.03999999999996,11.276318477444024,258.39,314.56,56.170000000000016,0.038966034596663805,0.000764382,89.96440639269407,91.21000000000001,7.0951978254222725,51.35,100,48.65,0.078866722,-0.006066964,0.6370456621004565,0.5945,0.4622677155473298,0.027,3.919,3.892,0.7256429845596126,7.879793014345733e-05,277.26335616438354,277.66499999999996,10.643250950294988,249.04,297.24,48.20000000000002,0.038386792605889224,0.000899935,45.431643835616434,45.325,10.506411166916454,14.41,81.23,66.82000000000001,0.23125756146820037,-0.000493579,0.006707388,0.0055015,0.004241295,0.000728,0.017198,0.016470000000000002,0.6323318088019169,2.2669400888547644e-08,2.4707534246575342,1.61,2.693145854232302,0,17.04,17.04,1.0900099651204949,0.000288863,4.317568493150685,4.415,2.424446065079122,0.34,16.01,15.670000000000002,0.5615304236459064,0.000359156,3.1595890410958907,3.1550000000000002,1.8769138944516977,0.26,10.98,10.72,0.5940373479079728,0.000233537,177.1655479452055,182.325,74.28614563394203,57.6,314.22,256.62,0.41930356378835887,0.005010353,191.9230593607306,193.64999999999998,41.342652610674214,51.4,311.6,260.20000000000005,0.21541263852494286,-0.013487567,4.887089041095891,4.89,0.8171357405937533,2.7,7.28,4.58,0.16720295736836363,0.000216044,4.8367579908675795,4,2.504027895096707,0,10,10,0.5177079150589369,0.00213239,4.937785388127854,5,1.462178936,0,10,10,0.29612039027972226,0.000362064
site_28,24.113812785388124,23.5,8.696686430420513,2.3,59,56.7,0.3606516525536895,0.0064258,18.28613014,18.314999999999998,2.363238573195821,8.35,24.76,16.410000000000004,0.12923667038854955,-0.001679959,16.511369863013698,16.5,2.8942663671197613,5.91,25.23,19.32,0.1752892940520377,-0.001542176,25.81381278538813,25.25,8.873519097,3,73.3,70.3,0.34375081167160054,0.006132319,289.68100456621005,291.33,11.246555856152137,258.88,314.7,55.81999999999999,0.038823933,0.000957046,90.04808219178082,91.36500000000001,7.109906939426734,50.76,100,49.24,0.078956784,-0.0065199,0.6517739726027396,0.605,0.47015157524583095,0.024,3.974,3.95,0.7213414389168794,9.840112284585191e-05,277.41246575342467,277.885,10.613902728717271,249.34,297.56,48.22,0.038260367,0.000959344,44.93988584474886,44.655,10.446314483507495,14.44,81.25,66.81,0.23245084599448593,-0.001288878,0.006756361,0.005595,0.004261725,0.00074,0.01747,0.01673,0.6307722352876485,-2.03E-08,2.4826940639269406,1.59,2.7339215403143706,0,16.92,16.92,1.1011914758397807,0.000224974,4.389874429223744,4.49,2.4456087489992653,0.32,16.25,15.93,0.5571022106506401,0.000449778,3.2076712328767125,3.22,1.8911662734004482,0.25,11.1,10.85,0.5895760930911885,0.000284938,177.85706621004567,183.17000000000002,74.87446898112643,57.07,315.7,258.63,0.4209811315154674,0.005035233,192.58527397260275,193.9,41.15872217401797,52.3,309.2,256.9,0.2137168711034117,-0.015086767,4.906095890410959,4.93,0.8210789259731218,2.7,7.28,4.58,0.16735892333004201,0.000215367,4.688356164383562,4,2.3854872358910217,1,10,9,0.5088110101389177,0.001495643,4.900114155251141,5,1.4508736104650608,0,10,10,0.2960897571968301,0.00026963
site_29,22.443150684931506,22.1,7.743558886483372,4,52.9,48.9,0.3450299378724242,0.004190762,17.89090182648402,17.939999999999998,2.2763492129329386,8.78,24.9,16.119999999999997,0.12723501783254124,-0.000861735,16.219566210045663,16.125,2.852975422536613,6.13,26.18,20.05,0.17589714703773085,-0.00085774,27.115296803652967,26.6,8.719731405237635,2.2,71.5,69.3,0.3215797882788771,0.00351003,290.6238584474886,292.22,11.232908689373314,259.43,315.31,55.879999999999995,0.038651020426813766,0.000476197,89.59461187214612,90.785,6.9034681714745565,55.76,100,44.24,0.077052269,-0.004714154,0.7157009132420091,0.6705000000000001,0.4949999142558726,0.036,3.971,3.935,0.691629569,5.729875241829131e-05,278.10247716894975,278.46000000000004,10.542060275172455,250.49,296.76,46.26999999999998,0.037907107,0.000455531,43.89865296803653,42.98,11.228163892442547,13.9,80.62,66.72,0.2557746794786162,-3.34E-05,0.006901175,0.0056395,0.004391773,0.000791,0.019098,0.018307,0.6363805545296644,-9.52E-08,2.3807762557077625,1.4049999999999998,2.793396337,0,20.76,20.76,1.1733132546122746,0.000428534,4.2902511415525115,4.39,2.3899701820680725,0.31,14.69,14.379999999999999,0.5570699950220664,0.000222663,3.192876712328767,3.165,1.895315888746117,0.22,10.26,10.04,0.5936076020184766,0.000137722,179.85714611872143,184.45,76.14815944031477,58.99,318.34,259.34999999999997,0.4233813394884534,0.00418237,180.53036529680367,181.2,42.36504940728953,49.2,317.1,267.90000000000003,0.23466993675905234,-0.0128229,3.827899543378995,3.79,0.6949882026197376,1.94,5.94,4,0.18155863150114224,0.000201867,4.519977168949771,4,2.4222853278514496,0,10,10,0.5359065405222553,0.002528871,4.877283105022831,5,1.449514929803654,0,10,10,0.2971972097151553,0.000531589
site_30,23.321004566210046,23,8.178868913715496,3.8,56.8,53,0.35070825917876247,0.005915157,18.59345890410959,18.585,2.266459235284435,8.64,24.93,16.29,0.12189551427590992,-0.001307417,16.83170091324201,16.81,2.854539796422516,6.03,26.09,20.06,0.16959306793389864,-0.001235976,24.827625570776256,24.1,8.479955648,2.1,72,69.9,0.34155322761386997,0.004918977,290.07171232876715,291.81,11.19369088196922,259.04,314.82,55.77999999999997,0.038589392,0.001018558,91.25704337899543,92.745,6.693950401,53.57,100,46.43,0.073352699,-0.005610156,0.6607796803652969,0.6134999999999999,0.47143967117725166,0.029,3.885,3.856,0.7134596979686588,0.000112451,277.5694977,278.055,10.54751638076501,249.67,296.9,47.22999999999999,0.037999551,0.000749089,45.49672374429224,44.41,11.00704198094375,14.32,79.19,64.87,0.24193043092085573,-0.001761401,0.006875089,0.0057525,0.004309412,0.000783,0.018333,0.01755,0.6268155047907198,-1.07E-07,2.505216894977169,1.495,2.815751693839213,0,14.92,14.92,1.1239552549260905,0.000422096,4.398972602739726,4.5,2.4463269632495033,0.35,16.12,15.770000000000001,0.5561132528367886,0.000499204,3.224760273972603,3.23,1.8990387046851263,0.23,11.03,10.799999999999999,0.5888929853212587,0.000308425,179.3662899543379,183.79000000000002,75.01200108428884,59.18,316.08,256.9,0.418205679,0.005026149,188.3308219178082,188.85000000000002,41.78226295329116,54,316.2,262.2,0.22185568208015294,-0.011811526,4.761575342465754,4.765,0.8208828539131676,2.65,7.19,4.540000000000001,0.17239732543811398,0.000229299,4.490296803652968,4,2.378597377170808,0,10,10,0.5297194108050407,0.00174104,4.867579908675799,5,1.4267260112560198,0,10,10,0.29310787660888216,0.000415667
site_31,23.890639269406392,23.6,8.405412696889622,2.2,58.2,56,0.3518287058837028,0.005874779,18.536255707762557,18.555,2.3257406437346955,8.54,24.73,16.19,0.12546981873802748,-0.001658397,16.759634703196344,16.689999999999998,2.8929925341471767,5.95,25.94,19.990000000000002,0.17261668200891242,-0.001602309,25.02648401826484,24.4,8.664352885561835,1.9,72.3,70.39999999999999,0.34620735694388444,0.00587527,289.8972488584475,291.605,11.216531345388724,259.25,314.83,55.579999999999984,0.038691403,0.001044299,90.86861872146119,92.255,6.943868145870097,52.09,100,47.91,0.07641657,-0.0070919,0.648818493,0.601,0.4684362626054443,0.03,3.942,3.9120000000000004,0.7219835247461917,0.000121228,277.5390525114155,277.985,10.578026069063664,249.59,297.31,47.72,0.038113649,0.001196794,45.562511415525115,44.870000000000005,10.801701449080843,14.46,79.81,65.35,0.23707432082859764,-0.001770925,0.006872284,0.005726,0.004314199,0.000771,0.01823,0.017459,0.6277678868165111,-7.48E-08,2.5431963470319636,1.61,2.8440640037344895,0,15.13,15.13,1.1183029603882741,0.000380358,4.397374429223744,4.470000000000001,2.4569462059413336,0.31,16.46,16.150000000000002,0.5587302708664387,0.000542142,3.2175228310502284,3.22,1.8991494504971145,0.21,11.22,11.01,0.5902520511026847,0.000339647,178.85488584474885,183.64,74.93422780158507,57.86,314.18,256.32,0.4189666245216813,0.005165331,190.03995433789953,190.7,41.51927045572931,53.7,312.5,258.8,0.21847653352887147,-0.010818977,4.941289954,4.96,0.8420853940685892,2.75,7.4,4.65,0.17041813005313167,0.00023281,4.589041095890411,4,2.4052963806309657,0,10,10,0.5241392113016731,0.00158606,4.8687214611872145,5,1.4604383247841457,0,10,10,0.2999634167669195,0.000291877
site_32,26.26255707762557,25.6,9.049578806020579,5.3,59.1,53.800000000000004,0.3445810238230908,0.005109261,17.10310502283105,17.22,2.3599710629992794,7.84,23.8,15.96,0.13798494833826597,-0.001096613,15.56816210045662,15.43,2.9316597175918697,5.56,25.75,20.19,0.18831122766289046,-0.001013202,29.935616438356167,29.2,9.501811216858904,4,75.1,71.1,0.31740823632027637,0.004473807,290.6559246575343,291.97,11.19810245417643,258.5,314.87,56.370000000000005,0.038527006,0.000555014,87.66598174,88.8,7.307173123652341,52.39,100,47.61,0.083352436,-0.00578741,0.7692054794520548,0.697,0.531469945,0.036,4.032,3.996,0.6909336442352033,5.7733288407598386e-05,278.15368721461186,278.315,10.606113544058974,250.46,297.53,47.069999999999965,0.038130408,0.000602809,41.87388127853882,40.805,11.024663156807334,11.8,80.41,68.61,0.26328257186079596,0.00048279,0.006676475,0.0054685,0.004191816,0.000772,0.017032,0.01626,0.6278486595187163,5.724532352107602e-09,2.143413242009132,1.225,2.5570501729965938,0,18.86,18.86,1.192980486861105,0.000312219,4.743276255707763,4.765,2.628460644947713,0.31,15.47,15.16,0.5541445412935389,0.000262771,3.440513698630137,3.38,2.0222379180751537,0.23,10.73,10.5,0.5877720873136826,0.000156303,182.0220662100457,185.14499999999998,75.95283275564834,62.02,319.91,257.89000000000004,0.4172726655459565,0.002573495,185.1044520547945,183.64999999999998,43.330625125729654,49.5,324,274.5,0.2340874281775943,-0.007896951,4.453573059,4.42,0.7172494044142871,2.51,6.7,4.19,0.16105032854614082,0.000236183,4.593036529680365,4,2.3742741074859843,0,10,10,0.5169290712458612,0.002399244,4.889269406392694,5,1.4640903843163484,0.5,10,9.5,0.299449726,0.000576275
site_33,26.386073059360726,25.9,9.006505138367919,5.3,58.4,53.1,0.3413355643375197,0.005214966,17.124680365296804,17.19,2.3752084288504154,7.65,23.81,16.159999999999997,0.13870089123904347,-0.001156991,15.604566210045663,15.47,2.9258930524357907,5.55,25.97,20.419999999999998,0.18750236392679762,-0.001092579,29.91038812785388,29.4,9.528586853739931,3.8,73.9,70.10000000000001,0.318571154,0.004702506,290.58351598173516,291.825,11.332507297863843,258.59,315.06,56.47000000000003,0.03899914,0.000641626,87.97664383561643,89.11,7.318203185795043,52.72,100,47.28,0.083183478,-0.006181866,0.7683584474885845,0.698,0.5326557754951747,0.037,4.05,4.013,0.6932386534386197,6.845034330253242e-05,277.86284246575343,278.065,10.673715113195064,250.56,297.27,46.70999999999998,0.038413610896932356,0.000774161,41.40433789954338,40.2,10.937516899712017,11.63,79.11,67.48,0.2641635503567041,0.000139399,0.006595193,0.005366,0.004194458,0.000752,0.016967,0.016215,0.6359871444791421,8.37930411226624e-10,2.1253767123287672,1.2349999999999999,2.538427131317776,0,19.08,19.08,1.1943422154731484,0.000403332,4.744509132420091,4.785,2.6431973272245854,0.31,15.55,15.24,0.5571065948979083,0.000312241,3.436015982,3.385,2.029194172722799,0.23,10.74,10.51,0.5905659879084941,0.000192453,181.43464611872147,184.695,76.27427804,60.35,321.02,260.66999999999996,0.42039533060176854,0.002857421,186.0579908675799,184.95,43.551685219530874,49.8,323.8,274,0.23407586536031783,-0.008309054,4.470856164383562,4.44,0.7227386855716371,2.51,6.79,4.28,0.16165554403857402,0.000247158,4.704908675799087,4,2.3356891791142886,0,10,10,0.49643666648164914,0.002454681,4.908105023,5,1.471321143319304,0.5,10,9.5,0.29977376940288647,0.00062247
site_34,26.940753424657533,26.3,9.133314695765971,5.4,59.1,53.7,0.339014821,0.005944363,16.88417808219178,16.97,2.3593073504243116,7.74,23.72,15.979999999999999,0.13973480609711997,-0.001380479,15.399052511415524,15.29,2.911489190731237,5.53,25.68,20.15,0.18906937219500428,-0.001334759,30.748173515981737,30.2,9.566270122739395,4.2,75.9,71.7,0.3111166950377462,0.005646308,290.8812100456621,292.105,11.32358656482303,258.99,315.17,56.18000000000001,0.03892856,0.000872173,87.29908675799086,88.42,7.512661038428248,52.61,100,47.39,0.086056582,-0.00777504,0.7946004566210045,0.7244999999999999,0.5467212108325601,0.04,4.084,4.044,0.6880454274560356,0.000102636,278.08339041095894,278.255,10.697570192602686,251.11,297.56,46.44999999999999,0.038468929,0.001214713,40.81043378995434,39.69,10.696251756494435,11.57,76.23,64.66,0.26209600739719074,-0.000112828,0.006620034,0.005415,0.004208868,0.000761,0.016987,0.016225999999999997,0.6357773747871488,3.746443912376965e-08,2.069474885844749,1.19,2.5362360109521664,0,20.13,20.13,1.2255456822888129,0.000368985,4.837990867579909,4.875,2.6680147271691523,0.35,15.65,15.3,0.5514716336171515,0.000417161,3.4959132420091326,3.4450000000000003,2.0476280880554456,0.24,10.82,10.58,0.5857205102946592,0.000255508,181.96223744292234,184.225,76.08819742098423,61.16,320.54,259.38,0.41815378009325405,0.002617392,185.0711187214612,184.10000000000002,43.31160667970753,49.9,323.3,273.40000000000003,0.23402682697829844,-0.008258141,4.4603310502283104,4.43,0.7198877417524076,2.51,6.73,4.220000000000001,0.16139782757056984,0.000236537,4.620433789954338,4,2.296151295261352,0,10,10,0.49695578373043714,0.002328232,4.8881278538812785,5,1.461662486917728,0.5,10,9.5,0.29902296556280467,0.000536467
site_35,26.79840182648402,26.2,9.014136397,2.8,57.6,54.800000000000004,0.3363684317879786,0.004734973,16.85304794520548,16.82,2.3744612852100855,8.62,24.38,15.76,0.14089209814926063,-0.000600425,15.32052511415525,15.24,2.9897388362079402,5.45,25.24,19.79,0.19514597665099612,-0.000510512,30.948287671232872,30.3,9.500572407142844,4.5,74,69.5,0.306982167,0.002940768,291.3566666666667,292.48,11.139336407579117,259.17,314.92,55.75,0.038232646,0.000576248,87.14199771689498,88.045,7.477994536482761,52.02,100,47.98,0.085813898,-0.003325381,0.8297397260273973,0.753,0.5706098302484638,0.029,4.077,4.048,0.687697373,2.784597018389055e-05,278.21648401826485,278.405,10.502536993506515,250.43,297.43,47,0.037749513766470524,0.000165151,39.96198630136986,38.379999999999995,10.840163951808822,10.53,83.96,73.42999999999999,0.2712618904890929,0.000451029,0.006620654,0.005473,0.004071194,0.000803,0.016649,0.015846,0.6149232011458613,6.882953138144426e-08,2.1315639269406392,1.295,2.3791181929551826,0,13.7,13.7,1.1161373876174803,0.000135136,4.962956621004566,4.985,2.714173697671533,0.3,15.64,15.34,0.5468864438960479,0.000125872,3.577899543378995,3.535,2.068248253770213,0.22,10.75,10.53,0.5780621363720413,7.861420471407817e-05,184.44086757990866,188.675,74.11923535563442,67.52,316.98,249.46000000000004,0.4018590691324004,0.002293963,180.13162100456623,178.75,42.81210693381103,50.6,320.7,270.09999999999997,0.23767124669757883,-0.005554826,4.419543378995434,4.375,0.7083318700105203,2.63,6.64,4.01,0.1602726366205562,0.000160801,4.345890410958904,4,2.177928722946832,0,10,10,0.5011467195433215,0.000669539,4.823630136986301,5,1.3491502721374877,0,10,10,0.27969604505796697,0.000139236
site_36,27.05616438356164,26.55,9.134543343358741,5.5,58,52.5,0.33761412792526363,0.005623007,16.747317351598173,16.73,2.3535854790193027,8.64,24.25,15.61,0.14053507374389745,-0.000840195,15.238333333333332,15.15,2.9557582077958977,5.47,25.02,19.55,0.1939686016272054,-0.00064367,31.277853881278542,30.5,9.464502918035295,4.5,74,69.5,0.3025943836798951,0.003828047,291.41684931506853,292.455,11.08117134323013,259.15,314.82,55.670000000000016,0.038025156641679284,0.000501436,86.85100456621005,87.725,7.536843545854083,52.02,100,47.98,0.086779003,-0.003976167,0.8306974885844749,0.7525,0.5665981809620393,0.03,4.058,4.028,0.6820752304518627,2.6770974702497187e-05,278.3331506849315,278.48,10.47602611576581,250.58,297.48,46.900000000000006,0.037638442,0.000298453,39.921541095890404,38.48,10.716796732889197,10.53,83.84,73.31,0.2684464687159185,0.000628881,0.006660604,0.005473,0.004103876,0.000812,0.016771,0.015959,0.6161416709144308,7.008583344304426e-08,2.099326484018265,1.2149999999999999,2.3621681721073253,0,15.18,15.18,1.1252028639137452,2.246093357759836e-05,4.975593607305937,4.96,2.6946909140968676,0.29,15.71,15.420000000000002,0.5415817944094359,0.000121294,3.587694063926941,3.56,2.0567485372967997,0.22,10.8,10.58,0.5732786855982832,7.281325100915553e-05,184.5813698630137,188.14999999999998,74.05498944891374,68.12,317.11,248.99,0.4012051135164581,0.002204857,180.1275114155251,179.6,42.788891718967676,50.8,319.7,268.9,0.23754778702438523,-0.005479605,4.427956621004567,4.395,0.7111519068721838,2.64,6.64,3.9999999999999996,0.16060498503954299,0.00015765,4.3464611872146115,4,2.1659462350765835,0,10,10,0.49832407141880164,0.000480159,4.819634703196347,5,1.3584263840883941,0,10,10,0.2818525609809174,9.49956152780226e-05
site_37,27.243949771689493,26.35,9.343893931637725,2.8,60.1,57.300000000000004,0.34297133895568316,0.003513418,16.755000000000003,16.72,2.4327890255676454,8.34,23.98,15.64,0.14519779322994003,-0.000702755,15.227728310502284,15.11,3.019573168931637,5.45,24.97,19.52,0.19829439476202718,-0.000669264,31.36700913242009,30.75,9.817904654,4.9,75.5,70.6,0.3130009817658053,0.002992656,291.0515867579909,292.21000000000004,11.136115189925748,258.88,315,56.120000000000005,0.038261654,0.000611315,86.68006849315067,87.42,7.53130441,51.8,100,48.2,0.08688623,-0.004557025,0.8198504566210045,0.738,0.5651699500023301,0.033,4.085,4.052,0.6893573644291978,4.378392804146857e-05,277.98871004566206,278.12,10.51619410264526,249.73,297.18,47.45000000000002,0.037829573,0.000428523,39.85563927,38.285,10.849174723048906,10.63,82.26,71.63000000000001,0.2722117853815694,0.000437758,0.00650361,0.005345,0.004011241,0.000777,0.016483,0.015706,0.6167715280134255,5.6881157298832806e-08,2.0908219178082192,1.25,2.400052703050321,0,16.45,16.45,1.1478991503811402,0.000177796,4.924703196347033,4.9350000000000005,2.700456164499338,0.31,15.53,15.219999999999999,0.5483490185768838,0.000182899,3.5487785388127855,3.505,2.059251369332189,0.21,10.71,10.5,0.5802704639949424,0.000110286,183.80308219178082,187.66,74.79350796917946,66.3,317.02,250.71999999999997,0.4069219464510374,0.002290194,181.59132420091325,180.35000000000002,42.96734336636822,50.2,321.2,271,0.2366156178189934,-0.007320973,4.4245319634703195,4.39,0.706731098,2.67,6.61,3.9400000000000004,0.15973013729513716,0.000177177,4.506849315068493,4,2.185845631194658,0,10,10,0.48500526163285723,0.001241405,4.8744292237442925,5,1.4025365209074971,0.5,10,9.5,0.28773348766158485,0.000360069
site_38,23.268721461187216,23,8.186882743,0.2,60.8,60.599999999999994,0.3518406783465553,0.00504492,17.948344748858446,18.08,2.390672967453434,8.61,26.12,17.51,0.1331974062736613,-0.001564893,16.164406392694065,16.085,2.8573951942341114,6.29,25.32,19.03,0.17677080895006372,-0.001463983,26.902283105022832,26.15,8.990290007676874,2.5,72.2,69.7,0.334183161,0.005616471,290.23811643835614,291.885,11.092678505634447,259.6,315.25,55.64999999999998,0.038219234,0.000947185,88.58432648401826,89.76,7.501566145659213,50.99,100,49.01,0.08468277,-0.007019295,0.6795593607305936,0.638,0.48387181535083806,0.021,4.1,4.079,0.7120375986442566,8.854955182116577e-05,278.11101598173514,278.53,10.506515547266375,250.62,297.41,46.79000000000002,0.037778135,0.001091861,45.07901826484019,45.12,10.236169394669997,13.83,82.35,68.52,0.22707170183991773,-0.000552153,0.006895696,0.0057065,0.004317449,0.000783,0.017678,0.016895,0.6261078241969119,5.809772239912355e-08,2.5514611872146116,1.5750000000000002,2.9294674211844782,0,25.41,25.41,1.1481528450693501,0.000480846,4.302796803652968,4.465,2.353040840307318,0.3,16.3,16,0.5468631096661698,0.00038555,3.1832990867579904,3.175,1.8546088972310748,0.23,11.12,10.889999999999999,0.5826059213053363,0.000251458,179.1611529680365,182.97000000000003,74.26061984,57.38,315.27,257.89,0.41449063378475504,0.005768149,185.76815068493153,186.9,40.96158297895331,49.7,304.1,254.40000000000003,0.2204984160520896,-0.009956218,4.294429223744292,4.3,0.7383439870170526,2.37,6.47,4.1,0.17193064515644624,0.00020879,4.858447488584475,4,2.559775668098055,0,10,10,0.5268711196555207,0.002494922,4.950342465753424,5,1.4489367449741848,1,10,9,0.29269424388271326,0.000477482
site_39,22.644520547945202,22.45,7.994254764830275,0.2,59.5,59.3,0.35303263533021395,0.004547485,17.99013698630137,18.07,2.347479602,8.56,25.13,16.57,0.13048703320892407,-0.001589116,16.211027397260274,16.105,2.8476890164498663,6.3,24.94,18.64,0.1756636977204256,-0.001544143,26.741438356164384,26.05,8.877159251619863,2.5,72.2,69.7,0.33196266907511046,0.005593444,290.15521689497723,291.76,11.16426330669727,259.41,315.01,55.599999999999966,0.038476866,0.001197516,88.83187214611873,89.94,7.337639556262354,51.46,100,48.54,0.082601429,-0.007139097,0.6828504566210044,0.6405000000000001,0.4839425550481684,0.029,4.046,4.017,0.7087094258425108,0.000110289,277.98742009132417,278.44,10.571917805384095,250.31,297.43,47.120000000000005,0.038030202236889056,0.001148042,44.854509132420084,44.6,10.16244039836757,14.29,79.84,65.55000000000001,0.22656452149249648,-0.001375864,0.006853824,0.0056245,0.004311892,0.000768,0.0177,0.016932,0.6291220154417869,3.908987006495655e-08,2.5272831050228306,1.61,2.912701348947751,0,28.19,28.19,1.1525029954732509,0.000346617,4.2506735159817355,4.385,2.336639251973827,0.33,15.94,15.61,0.5497103560620455,0.000448688,3.157454337899544,3.17,1.8521017997621232,0.23,10.92,10.69,0.5865807076070687,0.000290433,179.6767579908676,183.95499999999998,73.89799854705853,58.48,314.25,255.77,0.4112830138598924,0.005514293,184.42328767123286,185.5,40.73239492709892,50,305.1,255.10000000000002,0.2208636199985309,-0.009850825,4.119121004566209,4.105,0.7117582441695235,2.31,6.21,3.9,0.17279372064586382,0.0001983,4.613013698630137,4,2.411164018101377,0,10,10,0.522687374,0.00182034,4.895547945,5,1.4359191275458176,0.5,10,9.5,0.29331121737906873,0.000346801
site_40,23.666894977168955,23.3,8.420785868971533,0.2,56.1,55.9,0.3558044212007921,0.007122367,17.91222602739726,17.95,2.388060809184655,8.71,24.59,15.879999999999999,0.13332015828362417,-0.002254921,16.138584474885846,16.02,2.8808803759581703,6.35,24.96,18.61,0.17850886367644384,-0.002289942,27.019406392694062,26.3,9.031844353896854,3,71.3,68.3,0.33427249372654716,0.008299171,290.34576484018265,291.885,11.15145859,259.91,314.9,54.98999999999995,0.038407513,0.001608411,88.74480593607305,89.85,7.3985229201980145,53.91,100,46.09,0.083368518,-0.010288191,0.7035365296803653,0.6535,0.4912267513769198,0.026,3.917,3.891,0.6982249402175275,0.000178134,278.0580023,278.39,10.543065077928604,250.08,296.73,46.650000000000006,0.037916784,0.001957951,44.22480593607307,43.879999999999995,10.43854285890199,14.18,79.44,65.25999999999999,0.23603366115367239,-0.002912341,0.006826547,0.0056475,0.004286843,0.000784,0.017833,0.017049,0.6279665931648266,-6.73E-09,2.521917808219178,1.5750000000000002,2.9266311414309407,0,26.17,26.17,1.160478399372399,0.000478079,4.458732876712328,4.5600000000000005,2.422153531941796,0.28,15.98,15.700000000000001,0.5432380900395596,0.000706395,3.272271689497717,3.295,1.893412510605451,0.2,10.94,10.74,0.5786232593957024,0.00044365,179.85101598173515,183.995,74.40817769103819,59.14,314.67,255.53000000000003,0.413721197,0.0053851,186.63424657534247,188.45,42.252725083049576,54.9,315.6,260.70000000000005,0.22639320413251462,-0.014146619,4.4559132420091325,4.46,0.7811158519760119,2.51,6.68,4.17,0.1752987119703914,0.000202163,4.433219178082192,4,2.486916293442766,0,10,10,0.5609730070956258,0.001741692,4.845890410958904,5,1.4550711218787218,0.5,10,9.5,0.30026909370218147,0.000337693
site_41,25.06655251141553,24.7,8.659387309240964,1.4,56,54.6,0.34545585418247693,0.00335925,17.499406392694063,17.515,2.3325180632120035,8.76,24.14,15.38,0.13329126776470665,5.928947421270136e-06,15.79769406392694,15.754999999999999,2.833760942,5.81,24.55,18.740000000000002,0.1793781377425917,-9.38E-05,28.38458904109589,27.7,8.896554278340565,4.7,71.3,66.6,0.31342903240416553,0.001037821,291.4289155251142,292.615,10.937054725169714,259.99,315.23,55.24000000000001,0.037529065039626115,0.000390343,88.18783105022833,88.91,7.447489991118014,52.53,100,47.47,0.084450314,-0.002230702,0.7674691780821917,0.7095,0.5229347573699175,0.028,4.077,4.049,0.6813755813317027,1.550678683556971e-06,278.7492351598174,279.175,10.333108565876854,252.2,297.42,45.22000000000003,0.037069549,9.025297502828236e-05,42.54202055,41.93,10.44752676177161,12.65,78.46,65.80999999999999,0.24558134821069824,0.001009083,0.007017437,0.0057595,0.004358255,0.000859,0.017981,0.017122000000000002,0.6210607846397609,7.83144191526441e-08,2.448447488584475,1.57,2.829685327186668,0,27.38,27.38,1.1557059485162162,0.00068436,4.837328767123288,4.93,2.561575025020184,0.3,16.4,16.099999999999998,0.5295432972077123,7.316813456298936e-05,3.5072945205479455,3.55,1.9728890481632944,0.22,11.2,10.979999999999999,0.5625102302087449,5.4748374975175474e-05,182.06974885844747,184.64499999999998,75.25390620442029,63.05,321.31,258.26,0.41332460046906216,0.004699607,185.91598173515982,186.1,42.28393015260468,53.5,317.9,264.4,0.22743569303707734,-0.010462837,4.682739726027397,4.6850000000000005,0.7856706298762564,2.78,6.94,4.16,0.16778011929840486,0.00019288,4.587328767123288,4,2.2765604687139906,0,10,10,0.4962714870208923,0.003764912,4.930936073,5,1.4180714090015007,1,10,9,0.2875866545399502,0.000935055
site_42,24.600913242009135,24.3,8.415567716316401,4.6,53.8,49.199999999999996,0.3420835492377481,0.002794874,17.47302511415525,17.5,2.329708734868721,8.54,24.22,15.68,0.13333173389543046,-0.000262097,15.825456621004566,15.774999999999999,2.851228790085963,5.74,25.09,19.35,0.180167237,-0.000349369,28.552739726027394,27.6,8.944282339,3.9,70.5,66.6,0.31325478481980884,0.001627752,291.3779109589041,292.77,11.055845851187614,259.94,315.46,55.51999999999998,0.037943321835219444,0.000470872,88.49876712328766,89.35,7.3008751327330135,53.34,100,46.66,0.082496913,-0.003376634,0.7680205479452055,0.718,0.5217838121384616,0.032,4.093,4.061,0.6793878282742095,2.5378654771760167e-05,278.5533675799087,278.91,10.379347434069372,252.06,297.09,45.02999999999997,0.037261612,0.000427796,42.31997716894978,41.575,10.657831150832772,12.54,78.61,66.07,0.2518392462331581,0.000987178,0.006970489,0.005689,0.004363244,0.000849,0.017983,0.017134,0.6259595993051719,7.911382648996868e-08,2.343093607305936,1.49,2.631713792263201,0,20.7,20.7,1.1231791098986939,0.000450499,4.7044863013698635,4.845,2.523031098367265,0.3,15.69,15.389999999999999,0.5363032086271785,0.000139703,3.432865296803653,3.46,1.958354689897642,0.22,10.82,10.6,0.5704723374147741,9.389320914789119e-05,181.89536529680365,185.435,74.69364931761294,63.91,321.73,257.82000000000005,0.41064075049814086,0.004538298,184.23230593607306,185.1,43.72081173424075,53,318.3,265.3,0.23731349131249257,-0.015900368,4.346506849315069,4.3,0.7427146238698714,2.45,6.45,4,0.17087621154603952,0.000184977,4.450342465753424,4,2.103104331202493,0,10,10,0.47257134644950216,0.002695995,4.864726027397261,5,1.3886444370059592,1,10,9,0.2854517251712355,0.000611232
site_43,22.79337899543379,22.3,7.849160266735043,4.6,52.8,48.199999999999996,0.34436141601942694,0.004823571,17.85761415525114,17.88,2.3442956886411244,8.81,24.9,16.089999999999996,0.1312770938077285,-0.00103977,16.147374429223746,16.06,2.8960455563352188,5.94,25.87,19.93,0.1793508640695118,-0.001101051,27.28299086757991,26.9,8.872269440639968,2.6,70.7,68.10000000000001,0.32519416524757894,0.00435472,290.73150684931505,292.35,11.171952518332276,259.64,315.14,55.5,0.038427044,0.000997415,89.24248858447488,90.42,7.003298486953006,53.81,100,46.19,0.078474935,-0.005515907,0.7283504566210046,0.6904999999999999,0.501565551,0.028,3.988,3.96,0.6886321634057798,0.000104412,278.1814840182648,278.54999999999995,10.525467292459297,250.99,296.82,45.829999999999984,0.037836693,0.000772033,43.50764840182648,42.48,11.031775553701513,13.61,81.36,67.75,0.2535594535428486,-0.001261788,0.006860839,0.0056095,0.004318914,0.000802,0.018206,0.017404,0.6295023080683738,-3.64E-08,2.4356963470319637,1.415,2.791403894515343,0,18.81,18.81,1.1460393648480975,0.000574101,4.387054794520548,4.52,2.421401817,0.27,15.06,14.790000000000001,0.5519424603636777,0.000382536,3.2476141552511413,3.24,1.9095827539141121,0.21,10.46,10.25,0.5879955754061683,0.000240467,180.66586757990865,183.93,75.48932240139484,61.58,318.46,256.88,0.4178394259668659,0.00481424,181.61027397260276,182.7,42.99778277619942,48.5,316.8,268.3,0.236758537,-0.015258545,3.957020547945205,3.91,0.7109692750605086,2.06,6.04,3.98,0.17967287923983602,0.000198823,4.684931506849315,4,2.3487442228843123,0,10,10,0.5013401411419731,0.00271793,4.920091324200913,5,1.4268328726429071,0.5,10,9.5,0.2900012984768414,0.000631034
site_44,26.916210045662098,26.35,8.953806479728538,3.1,64.1,60.99999999999999,0.3326548003800989,0.004088205,16.90675799086758,16.884999999999998,2.2770629145401418,9.06,24.02,14.959999999999999,0.13468359313891692,-0.000478335,15.336358447488584,15.35,2.7980026885318354,5.72,24.21,18.490000000000002,0.18244244212941074,-0.000412635,30.693378995433793,29.9,8.964840098338762,5.8,70.5,64.7,0.2920773271549036,0.002354335,291.51573059360726,292.46,10.898774198617156,260.09,314.56,54.47000000000003,0.037386573192548525,0.000493094,87.22867579908677,87.865,7.502394447601724,52.51,100,47.49,0.08600835,-0.00309095,0.8121986301369863,0.7364999999999999,0.5460307096570068,0.033,3.981,3.948,0.6722871590720519,8.773567601702117e-06,278.39514840182653,278.615,10.448403653425606,251.83,297.73,45.900000000000006,0.03753084,8.128913057545849e-05,40.08824200913242,39.215,10.149440415366973,11.3,79.31,68.01,0.25317748812868496,0.000693956,0.006791873,0.005592,0.004226839,0.00083,0.017247,0.016416999999999998,0.6223377697789881,8.823677052395765e-08,2.2132648401826485,1.31,2.4711256430133837,0,15.95,15.95,1.1165069801630496,0.000257756,4.972614155251142,4.96,2.615195696595023,0.32,15.52,15.2,0.5259196903168817,8.39146976326964e-05,3.586746575342466,3.53,2.00600879,0.23,10.69,10.459999999999999,0.5592836704822599,5.106244156493294e-05,184.26317351598175,187.185,73.47763312626144,67.9,316.98,249.08,0.3987646132659735,0.002247565,181.0219178082192,180.75,42.56819158872969,51.8,318,266.2,0.23515490336274023,-0.007603493,4.551872146118721,4.52,0.7389999487771663,2.62,6.82,4.2,0.16235077020062944,0.000155931,4.384703196347032,4,2.182682731718328,0,10,10,0.4977948640940524,0.001503087,4.841324200913242,5,1.367197273065684,0,10,10,0.28240151172024036,0.000360078
site_45,26.14691780821918,25.65,8.852948950037268,5.2,57.4,52.199999999999996,0.338584801,0.00313584,17.24541095890411,17.26,2.3670124880921124,8.64,24.69,16.05,0.13725462928849383,-0.000589192,15.638755707762558,15.594999999999999,2.953002330985419,5.56,25.43,19.87,0.18882591340177066,-0.000619647,29.613013698630137,28.8,9.296602441,4.2,72.4,68.2,0.3139363840356728,0.002583622,290.9657077625571,292.11,11.0333551,259.3,314.61,55.31,0.037919778,0.000599473,87.87181506849313,88.82,7.430119640349671,52.65,100,47.35,0.084556346,-0.004255029,0.7761621,0.705,0.5325965719253536,0.03,3.973,3.943,0.686192448,3.591814293077942e-05,278.16835616438357,278.49,10.493281239873589,250.46,297.35,46.890000000000015,0.037722771,0.000346782,41.401609589041094,40.105000000000004,10.790631656286077,11.66,82.91,71.25,0.26063314357571093,0.000566792,0.006735284,0.005564,0.004179362,0.000808,0.017119,0.016311,0.6205175181882622,7.340094210158716e-08,2.260799086757991,1.37,2.5442491874166726,0,16.27,16.27,1.1253760682755547,0.000317089,4.783481735159818,4.83,2.604639976503594,0.3,14.91,14.61,0.5445071436896732,0.000162147,3.471392694063927,3.425,2.0013108435139992,0.22,10.35,10.129999999999999,0.5765152547956433,0.00010319,183.5645776255708,187.685,74.40857190075741,66.98,318.18,251.2,0.4053536519040926,0.002821452,180.65890410958906,179.75,42.83837923854409,50.4,320.7,270.3,0.23712298848308083,-0.00612203,4.448470319634703,4.41,0.7148649569347503,2.63,6.66,4.03,0.16069905058812511,0.000162058,4.511415525114155,4,2.1258589037093762,0,10,10,0.47121771246189614,0.0011582,4.887557077625571,5,1.3898582317187576,0.5,10,9.5,0.2843666497689201,0.00032953
site_46,25.27328767123288,24.7,8.735407592792818,2,59.2,57.2,0.34563795998475605,0.003475444,17.200867579908675,17.26,2.3861559284516614,8.87,24.23,15.360000000000001,0.13872299855611878,-0.000636232,15.591438356164383,15.58,2.856710554362398,5.7,24.8,19.1,0.1832230285048038,-0.000569961,29.564383561643837,28.7,9.202506654688863,5.5,71.7,66.2,0.3112700332648906,0.002760394,291.55501141552514,292.74,10.968296087533224,260.12,314.9,54.77999999999997,0.037619988,0.000463212,87.94340183,88.85499999999999,7.5929619736042016,52.05,100,47.95,0.086339189,-0.003451728,0.7903025114155251,0.733,0.5365230240078206,0.035,4.02,3.9849999999999994,0.6788831064788653,1.5129080413346507e-05,278.51045662100455,278.79,10.346880886708549,252.17,297.77,45.599999999999994,0.037150781,0.000197326,41.17916666666666,40.5,10.325176841922422,12.4,79.12,66.72,0.25073787737138337,0.000804484,0.006912189,0.005715,0.004285872,0.000854,0.017683,0.016829,0.6200455494853514,9.560466543344057e-08,2.2446803652968037,1.3650000000000002,2.5576864212292536,0,18.07,18.07,1.139443486374089,0.000213801,4.785810502283105,4.85,2.543188262,0.33,14.87,14.54,0.5314017888023302,0.000112547,3.4806963470319636,3.47,1.9664134410232461,0.26,10.32,10.06,0.5649482876321669,7.256038755140606e-05,182.23254566210048,185.45499999999998,74.22824242,65.47,318.36,252.89000000000001,0.40732703451995456,0.003594482,183.90582191780823,184.3,43.10731458961581,55.4,316.7,261.3,0.2343988577418798,-0.012798064,4.346575342465753,4.3149999999999995,0.7391545568657376,2.46,6.52,4.06,0.17005446785754444,0.000167756,4.393264840182648,4,2.105052159,0,10,10,0.479154396,0.001399581,4.860730593607306,5,1.3129183970736846,1,10,9,0.2701072136769722,0.000241814
