site,variable,trend_mean,trend_slope,seasonal_amp,resid_std
site_1,burn,24.761426917989414,0.00557374338624339,6.7753019323671495,7.592790611558887
site_1,dfm1000hr,17.485401124338622,-0.0017208994708994693,2.7679657306763277,1.8500355079602708
site_1,dfm100hr,15.823651620370368,-0.0016974206349206391,4.5890728160225445,2.3642221946071573
site_1,energy_ERC,28.61587136243386,0.0063492063492063475,10.809153582930756,7.383790233199581
site_1,maxT,290.43305555555554,0.00022982804232808142,26.901042924718183,6.906427236627695
site_1,maxRelH,88.11829497354498,-0.009065310846560846,8.858007246376813,6.503687778535015
site_1,vaporDeficit,0.7419598875661375,7.979497354497356e-05,1.0951646286231884,0.34764560792254084
site_1,minT,277.9794619708995,0.0006304563492064864,24.93202596618357,6.399019699750875
site_1,minRelH,42.62837764550264,0.0001030092592592558,13.221666666666664,9.611154842686714
site_1,specificH,0.006664301008597883,-6.767361111111109e-07,0.009597471844806763,0.002706789105457009
site_1,precipitation,2.3408677248677248,0.00042460317460317465,3.5123852657004826,2.386089653748759
site_1,alfalfa,4.588301421957672,0.0002344576719576716,5.626861413043478,1.6109398728377167
site_1,grass,3.349694113756614,0.00013574735449735457,4.494245420692431,1.192108596489758
site_1,sunshine,180.68909341931214,0.005005952380952362,170.9551980173108,44.27581501253717
site_1,windDirection,184.1805357142857,0.0048098544973545106,55.38650110708534,37.4362692799844
site_1,windSpeed,4.352776785714285,0.00012318121693121663,0.9921336553945248,0.6732598528461486
site_1,palmer_p,4.475719246031745,-0.0004629629629629624,0.3960346215780999,0.6443543572328811
site_1,palmer_z,4.876074735449735,-5.78703703703699e-05,1.1367753623188406,1.1572247300418155
site_2,burn,24.671347552910053,0.005216600529100532,6.605434782608697,7.488345936026401
site_2,dfm1000hr,17.500560515873016,-0.0018829365079365084,2.7803044484702095,1.826823281155379
site_2,dfm100hr,15.842226355820108,-0.001842592592592591,4.610206068840579,2.351559281672662
site_2,energy_ERC,28.53525297619047,0.006636904761904757,10.987489935587762,7.295295011752654
site_2,maxT,290.46887499999997,0.00026124338624337423,26.9778291062802,6.916350895660751
site_2,maxRelH,88.2328414351852,-0.00955324074074076,8.718272946859903,6.4350408462400726
site_2,vaporDeficit,0.7450225859788359,8.528439153439157e-05,1.1077371678743964,0.3495380077113583
site_2,minT,278.01215029761903,0.0007533068783069601,24.895363325281792,6.407701354210359
site_2,minRelH,42.63358167989417,-0.00012417328042328026,13.15463164251208,9.560585218063581
site_2,specificH,0.00665892490079365,-6.89963624338624e-07,0.0095268416113124,0.0026898407656154363
site_2,precipitation,2.3428088624338623,0.0004477513227513227,3.5266908212560386,2.407242378664148
site_2,alfalfa,4.600372023809523,0.0002662037037037041,5.663591737117552,1.6208848739870443
site_2,grass,3.355168816137566,0.00015195105820105817,4.506810587761675,1.1987000056623223
site_2,sunshine,180.51439103835978,0.004884589947089914,170.73689663848631,44.24133527847035
site_2,windDirection,185.02182705026453,0.0004563492063491973,53.307062701288245,37.562827873668446
site_2,windSpeed,4.363613260582011,0.00013409391534391674,0.9902395330112721,0.6756033003714071
site_2,palmer_p,4.566493055555555,-0.0003720238095238095,0.3285024154589372,0.6224385668936188
site_2,palmer_z,4.9034556878306885,7.440476190476191e-05,1.053442028985507,1.148411937337053
site_3,burn,25.519742063492068,0.0047900132275132245,6.499214975845411,7.825172875166025
site_3,dfm1000hr,17.47255753968254,-0.0016101190476190466,2.7785653180354264,1.811074424348224
site_3,dfm100hr,15.832010747354497,-0.0015849867724867718,4.661418327294685,2.3325035211253287
site_3,energy_ERC,28.66757275132275,0.005859788359788363,10.820106179549114,7.278399213435955
site_3,maxT,290.58403158068785,0.00046246693121706323,27.042965730676336,6.9484690267596445
site_3,maxRelH,88.48483713624339,-0.008058697089947097,8.855513285024152,6.365628574158009
site_3,vaporDeficit,0.7556226355820105,7.595899470899458e-05,1.128967265499195,0.3544780127577682
site_3,minT,277.8143602843915,0.0003913690476190639,25.042982085346218,6.435242583455808
site_3,minRelH,41.815544808201054,-0.000587962962962964,12.371956521739131,9.301974960875725
site_3,specificH,0.006656712136243386,-6.4171626984127e-07,0.00957447848731884,0.002701049471201762
site_3,precipitation,2.27848330026455,0.00028356481481481445,3.4018780193236715,2.3268866810572466
site_3,alfalfa,4.765698743386243,0.0002714947089947102,5.834744363929146,1.6784811833650657
site_3,grass,3.447048941798942,0.00015244708994708946,4.595197262479871,1.2293916275378796
site_3,sunshine,181.13015492724867,0.004997023809523866,171.05245596819645,44.266200554482836
site_3,windDirection,185.5998511904762,0.004513888888888911,55.929310084541065,37.30850977152157
site_3,windSpeed,4.672160383597883,0.0001380621693121703,1.0255069947665056,0.7058704142621957
site_3,palmer_p,4.525669642857143,-0.00029761904761904765,0.34780092592592615,0.6591279847552435
site_3,palmer_z,4.896469907407408,4.9603174603174955e-05,0.9758202495974236,1.1442372249816644
site_4,burn,26.30424272486772,0.006038359788359789,7.22524154589372,8.10062128775362
site_4,dfm1000hr,17.308613756613756,-0.001966269841269842,2.8656008454106283,1.8375251955253176
site_4,dfm100hr,15.676622850529098,-0.0016579034391534355,4.692143216586151,2.349214060340287
site_4,energy_ERC,29.241960978835976,0.006917989417989417,11.973882850241548,7.4733302086654705
site_4,maxT,290.2561291335979,0.00041021825396825307,27.18539628623186,6.957934794519765
site_4,maxRelH,87.65900314153438,-0.007906084656084644,8.858780193236717,6.380054124218938
site_4,vaporDeficit,0.7453554728835977,8.406084656084664e-05,1.1400874345813206,0.3519669110208935
site_4,minT,277.94890360449733,0.00022222222222222313,25.14224335748792,6.482145006683234
site_4,minRelH,42.40317013888889,-0.0006660052910052915,13.150531400966184,9.443098577143843
site_4,specificH,0.006615086954365079,-7.206349206349209e-07,0.009478066601247986,0.0026675380126081655
site_4,precipitation,2.2990691137566137,-4.298941798941678e-06,3.365128824476651,2.3575877207548595
site_4,alfalfa,4.732841765873016,0.00029513888888888797,5.880035980273751,1.688753710674202
site_4,grass,3.422996527777778,0.00016385582010582087,4.613636775362319,1.2371581658141992
site_4,sunshine,180.5312116402116,0.004292824074074106,170.9614009661836,44.41854690713881
site_4,windDirection,187.19958994708992,0.0031531084656084628,57.96717743558777,37.924724392408116
site_4,windSpeed,4.708207010582011,0.00017542989417989463,0.9560539955716587,0.702964512688751
site_4,palmer_p,4.6434275793650786,-0.0009755291005291003,0.4888285024154593,0.6026839227863942
site_4,palmer_z,4.920072751322752,-0.00033068783068783056,0.9333861714975844,1.1695936370988471
site_5,burn,24.642003968253967,0.006372354497354493,6.825060386473431,7.51270421864001
site_5,dfm1000hr,17.376408068783068,-0.0014788359788359773,2.519807266505637,1.8902126584334245
site_5,dfm100hr,15.714359953703704,-0.0014818121693121716,4.3454712661030594,2.4130680547831345
site_5,energy_ERC,28.94820601851852,0.005952380952380952,10.313056058776167,7.530885090274556
site_5,maxT,290.56973974867725,0.0001836970899470695,26.709152324879224,6.872152434188943
site_5,maxRelH,87.63786937830689,-0.008406580687830694,8.30896739130435,6.735874344474763
site_5,vaporDeficit,0.7506871362433862,6.896494708994714e-05,1.0919814059983897,0.3498960324313703
site_5,minT,278.17723677248676,0.0005682870370370503,24.597237318840584,6.340864673466537
site_5,minRelH,42.7570419973545,0.0005456349206349235,13.48902777777778,9.812291886087872
site_5,specificH,0.006684600694444444,-6.480324074074084e-07,0.00958595735205314,0.0027041162356474372
site_5,precipitation,2.292691964285714,0.00022007275132275136,3.2975422705314017,2.3550388291036404
site_5,alfalfa,4.586886243386243,0.00019328703703703711,5.5765315519323675,1.6024109151112742
site_5,grass,3.3540603505291005,0.00010945767195767215,4.4612384259259255,1.1888688996642083
site_5,sunshine,181.03266865079362,0.005184358465608476,171.06817431561996,44.323901515417965
site_5,windDirection,184.1805357142857,0.0048098544973545106,55.38650110708534,37.4362692799844
site_5,windSpeed,4.250436342592592,0.00010714285714285697,0.9766163446054749,0.6593448047190242
site_5,palmer_p,4.345552248677248,-0.0010003306878306878,0.33701942431562015,0.6427049426514108
site_5,palmer_z,4.841501322751322,-9.093915343915285e-05,0.9885265700483088,1.160340052153701
site_6,burn,25.930234788359787,0.005892857142857146,7.475060386473429,7.974372410770273
site_6,dfm1000hr,17.388692294973545,-0.0018467261904761899,2.8629010668276966,1.8400821953098232
site_6,dfm100hr,15.728944775132273,-0.00155208333333333,4.669523198470208,2.3581156258138107
site_6,energy_ERC,28.942093253968252,0.006526124338624347,11.46454307568438,7.414178635421543
site_6,maxT,290.2387845568783,0.0003918650793650613,27.000019625603876,6.931628267796337
site_6,maxRelH,87.77047205687829,-0.007564318783068778,9.146183574879228,6.405834443670447
site_6,vaporDeficit,0.740068783068783,7.787698412698428e-05,1.121988224637681,0.3487279910766571
site_6,minT,277.9188511904762,0.000165013227513303,25.242575483091777,6.493621834976064
site_6,minRelH,42.41687731481481,-0.0006509589947089891,12.513943236714976,9.421801473409683
site_6,specificH,0.006620636937830688,-7.112433862433855e-07,0.00948561445752818,0.002672435086785826
site_6,precipitation,2.3640284391534387,6.679894179894167e-05,3.2092524657809984,2.4549916654531625
site_6,alfalfa,4.722374338624339,0.00028075396825396774,5.827064210950081,1.6827912993582166
site_6,grass,3.418009093915344,0.0001567460317460314,4.578634259259259,1.2326182211517673
site_6,sunshine,180.67595469576716,0.004454365079365088,171.00221819645736,44.3688962252999
site_6,windDirection,187.19958994708992,0.0031531084656084628,57.96717743558777,37.924724392408116
site_6,windSpeed,4.72754117063492,0.00017361111111111077,0.9843133554750401,0.7079419306538529
site_6,palmer_p,4.587838955026454,-0.0012483465608465604,0.6082175925925926,0.6090341543948502
site_6,palmer_z,4.906109457671958,-0.00021494708994709076,0.9997609702093395,1.1644932348578085
site_7,burn,26.30424272486772,0.006038359788359789,7.22524154589372,8.10062128775362
site_7,dfm1000hr,17.308613756613756,-0.001966269841269842,2.8656008454106283,1.8375251955253176
site_7,dfm100hr,15.676622850529098,-0.0016579034391534355,4.692143216586151,2.349214060340287
site_7,energy_ERC,29.241960978835976,0.006917989417989417,11.973882850241548,7.4733302086654705
site_7,maxT,290.2561291335979,0.00041021825396825307,27.18539628623186,6.957934794519765
site_7,maxRelH,87.65900314153438,-0.007906084656084644,8.858780193236717,6.380054124218938
site_7,vaporDeficit,0.7453554728835977,8.406084656084664e-05,1.1400874345813206,0.3519669110208935
site_7,minT,277.94890360449733,0.00022222222222222313,25.14224335748792,6.482145006683234
site_7,minRelH,42.40317013888889,-0.0006660052910052915,13.150531400966184,9.443098577143843
site_7,specificH,0.006615086954365079,-7.206349206349209e-07,0.009478066601247986,0.0026675380126081655
site_7,precipitation,2.2990691137566137,-4.298941798941678e-06,3.365128824476651,2.3575877207548595
site_7,alfalfa,4.732841765873016,0.00029513888888888797,5.880035980273751,1.688753710674202
site_7,grass,3.422996527777778,0.00016385582010582087,4.613636775362319,1.2371581658141992
site_7,sunshine,180.5312116402116,0.004292824074074106,170.9614009661836,44.41854690713881
site_7,windDirection,187.19958994708992,0.0031531084656084628,57.96717743558777,37.924724392408116
site_7,windSpeed,4.708207010582011,0.00017542989417989463,0.9560539955716587,0.702964512688751
site_7,palmer_p,4.6434275793650786,-0.0009755291005291003,0.4888285024154593,0.6026839227863942
site_7,palmer_z,4.920072751322752,-0.00033068783068783056,0.9333861714975844,1.1695936370988471
site_8,burn,25.211607142857144,0.004866071428571431,6.835809178743962,7.77273018339343
site_8,dfm1000hr,17.46419097222222,-0.0018645833333333292,2.798347423510466,1.8331809987398262
site_8,dfm100hr,15.817025628306878,-0.0017863756613756615,4.655385215378422,2.3513344646696575
site_8,energy_ERC,28.65977678571429,0.006489748677248674,10.972883957326893,7.348421965120464
site_8,maxT,290.5510823412699,0.0004550264550264923,27.054179750402575,6.932364116212734
site_8,maxRelH,88.34349305555556,-0.008895998677248685,8.816485507246378,6.408458603951541
site_8,vaporDeficit,0.7508001653439154,9.06580687830686e-05,1.1214866646537842,0.3525173113331285
site_8,minT,277.93008019179894,0.0005950727513228079,25.02771688808374,6.441987733901119
site_8,minRelH,42.131698412698405,-0.0006703042328042266,12.763152173913038,9.394735268328004
site_8,specificH,0.006670342840608466,-6.761904761904761e-07,0.009561842793880837,0.002698274071708139
site_8,precipitation,2.3091936177248678,0.0003973214285714286,3.416757246376811,2.3778052944391423
site_8,alfalfa,4.710090443121693,0.0003095238095238093,5.781487268518518,1.6616810465285408
site_8,grass,3.41508201058201,0.0001820436507936507,4.569755434782609,1.2200748694356407
site_8,sunshine,180.887455026455,0.004896494708994733,170.97787364130434,44.26658451735093
site_8,windDirection,186.53345734126984,0.00020667989417993176,57.02312801932368,37.69064558361956
site_8,windSpeed,4.581720899470899,0.00014417989417989558,1.0180688909017714,0.6972586576909949
site_8,palmer_p,4.555638227513227,-0.0004960317460317459,0.43604066022544286,0.6290818675798593
site_8,palmer_z,4.9012483465608465,1.653439153439306e-05,0.9865388486312399,1.1641402170659294
site_9,burn,24.92902116402116,0.005173611111111113,6.762379227053138,7.620758205158195
site_9,dfm1000hr,17.481999834656083,-0.0017068452380952337,2.765758101851852,1.8373070356392571
site_9,dfm100hr,15.822626818783066,-0.0016777447089947064,4.5896829710144935,2.353491464527241
site_9,energy_ERC,28.61289517195767,0.006253306878306877,10.817753623188407,7.346057724471241
site_9,maxT,290.45170916005287,0.00031167328042321123,26.89975820249597,6.914366963489001
site_9,maxRelH,88.19435615079364,-0.008769675925925924,8.86142512077295,6.454313762230257
site_9,vaporDeficit,0.7448290343915344,8.010912698412695e-05,1.1028271437198067,0.34895580303496015
site_9,minT,277.9280515873016,0.0005562169312168765,24.993742703301134,6.413774360482913
site_9,minRelH,42.40455307539683,-0.00014864417989418567,12.915048309178742,9.510991551472072
site_9,specificH,0.006656221263227513,-6.67146164021164e-07,0.009591590604871176,0.00270483051562942
site_9,precipitation,2.324073578042328,0.00040145502645502605,3.5230736714975848,2.363159108207563
site_9,alfalfa,4.642213128306878,0.0002518187830687828,5.6781408514492755,1.6302658633514453
site_9,grass,3.3784318783068783,0.00014765211640211675,4.518857437600644,1.2028671856911874
site_9,sunshine,180.83669295634917,0.005003968253968271,170.99317054146536,44.271137859478614
site_9,windDirection,184.1805357142857,0.0048098544973545106,55.38650110708534,37.4362692799844
site_9,windSpeed,4.45956746031746,0.0001284722222222217,1.0024891807568435,0.6838279117606058
site_9,palmer_p,4.480621693121693,-0.0004960317460317459,0.4781602254428342,0.630071579347868
site_9,palmer_z,4.881613756613755,8.26719576719706e-06,1.0519826892109503,1.1546959687382248
site_10,burn,24.92902116402116,0.005173611111111113,6.762379227053138,7.620758205158195
site_10,dfm1000hr,17.481999834656083,-0.0017068452380952337,2.765758101851852,1.8373070356392571
site_10,dfm100hr,15.822626818783066,-0.0016777447089947064,4.5896829710144935,2.353491464527241
site_10,energy_ERC,28.61289517195767,0.006253306878306877,10.817753623188407,7.346057724471241
site_10,maxT,290.45170916005287,0.00031167328042321123,26.89975820249597,6.914366963489001
site_10,maxRelH,88.19435615079364,-0.008769675925925924,8.86142512077295,6.454313762230257
site_10,vaporDeficit,0.7448290343915344,8.010912698412695e-05,1.1028271437198067,0.34895580303496015
site_10,minT,277.9280515873016,0.0005562169312168765,24.993742703301134,6.413774360482913
site_10,minRelH,42.40455307539683,-0.00014864417989418567,12.915048309178742,9.510991551472072
site_10,specificH,0.006656221263227513,-6.67146164021164e-07,0.009591590604871176,0.00270483051562942
site_10,precipitation,2.324073578042328,0.00040145502645502605,3.5230736714975848,2.363159108207563
site_10,alfalfa,4.642213128306878,0.0002518187830687828,5.6781408514492755,1.6302658633514453
site_10,grass,3.3784318783068783,0.00014765211640211675,4.518857437600644,1.2028671856911874
site_10,sunshine,180.83669295634917,0.005003968253968271,170.99317054146536,44.271137859478614
site_10,windDirection,184.1805357142857,0.0048098544973545106,55.38650110708534,37.4362692799844
site_10,windSpeed,4.45956746031746,0.0001284722222222217,1.0024891807568435,0.6838279117606058
site_10,palmer_p,4.480621693121693,-0.0004960317460317459,0.4781602254428342,0.630071579347868
site_10,palmer_z,4.881613756613755,8.26719576719706e-06,1.0519826892109503,1.1546959687382248
site_11,burn,26.01066468253968,0.004107142857142856,7.129468599033817,7.822370571269161
site_11,dfm1000hr,17.206877314814815,-0.00127827380952381,2.70091888083736,1.8323470659150873
site_11,dfm100hr,15.634965939153439,-0.001250000000000001,4.761860909822866,2.367816536826847
site_11,energy_ERC,29.615013227513227,0.004776785714285709,11.445810688405796,7.499085019479737
site_11,maxT,290.5928177910053,0.0001941137566137605,26.778215328099847,6.92245732177889
site_11,maxRelH,87.77176488095239,-0.007773313492063511,7.934625603864735,6.271880515050432
site_11,vaporDeficit,0.7603541170634921,5.534060846560834e-05,1.1629996225845411,0.357882776304729
site_11,minT,278.0809776785714,0.0002789351851852135,24.84217039049919,6.427688560227788
site_11,minRelH,42.01192195767196,0.0011066468253968255,12.422934782608698,9.526637203550894
site_11,specificH,0.00671086800595238,-5.589451058201061e-07,0.009495931662640903,0.002657057047987152
site_11,precipitation,2.2147091600529096,0.00015509259259259252,3.4863141606280195,2.3109551465775477
site_11,alfalfa,4.709045469576719,0.0001331018518518531,5.845329106280193,1.6735367268269496
site_11,grass,3.421731481481481,7.142857142857202e-05,4.609749647745572,1.2346640783446443
site_11,sunshine,182.11229513888892,0.0033206018518518207,170.72198319243154,44.32540412582326
site_11,windDirection,184.6618138227513,0.00987764550264553,59.24261775362318,38.35416653102434
site_11,windSpeed,4.455601851851852,0.0001094576719576711,0.837511574074074,0.6491153509904005
site_11,palmer_p,4.60250496031746,-0.0008432539682539684,0.285300925925926,0.6533804489946774
site_11,palmer_z,4.88761574074074,-3.3068783068784006e-05,0.791603764090177,1.1736956280121889
site_12,burn,26.01066468253968,0.004107142857142856,7.129468599033817,7.822370571269161
site_12,dfm1000hr,17.206877314814815,-0.00127827380952381,2.70091888083736,1.8323470659150873
site_12,dfm100hr,15.634965939153439,-0.001250000000000001,4.761860909822866,2.367816536826847
site_12,energy_ERC,29.615013227513227,0.004776785714285709,11.445810688405796,7.499085019479737
site_12,maxT,290.5928177910053,0.0001941137566137605,26.778215328099847,6.92245732177889
site_12,maxRelH,87.77176488095239,-0.007773313492063511,7.934625603864735,6.271880515050432
site_12,vaporDeficit,0.7603541170634921,5.534060846560834e-05,1.1629996225845411,0.357882776304729
site_12,minT,278.0809776785714,0.0002789351851852135,24.84217039049919,6.427688560227788
site_12,minRelH,42.01192195767196,0.0011066468253968255,12.422934782608698,9.526637203550894
site_12,specificH,0.00671086800595238,-5.589451058201061e-07,0.009495931662640903,0.002657057047987152
site_12,precipitation,2.2147091600529096,0.00015509259259259252,3.4863141606280195,2.3109551465775477
site_12,alfalfa,4.709045469576719,0.0001331018518518531,5.845329106280193,1.6735367268269496
site_12,grass,3.421731481481481,7.142857142857202e-05,4.609749647745572,1.2346640783446443
site_12,sunshine,182.11229513888892,0.0033206018518518207,170.72198319243154,44.32540412582326
site_12,windDirection,184.6618138227513,0.00987764550264553,59.24261775362318,38.35416653102434
site_12,windSpeed,4.455601851851852,0.0001094576719576711,0.837511574074074,0.6491153509904005
site_12,palmer_p,4.602513227513227,-0.0008515211640211639,0.285300925925926,0.6533888924670895
site_12,palmer_z,4.88761574074074,-3.3068783068784006e-05,0.791603764090177,1.1736956280121889
site_13,burn,25.89131448412698,0.004388227513227512,7.591968599033818,7.76338019811587
site_13,dfm1000hr,17.23282374338624,-0.001253802910052909,2.6801056763285027,1.835895055570424
site_13,dfm100hr,15.636519841269841,-0.001255787037037034,4.760731934380032,2.3699550540745795
site_13,energy_ERC,29.54372685185185,0.00487599206349207,11.336984198872788,7.474090737151888
site_13,maxT,290.5810851521164,0.00015542328042318418,26.790406602254443,6.9215820595356075
site_13,maxRelH,87.651998015873,-0.007779265873015887,8.181268115942029,6.296333378897438
site_13,vaporDeficit,0.7650005787037036,5.25793650793651e-05,1.1710451892109501,0.359222484332811
site_13,minT,278.11068601190476,0.0002825727513227537,24.806955766908217,6.42596390204243
site_13,minRelH,42.02936722883597,0.0011253306878306936,12.544903381642511,9.498119035310676
site_13,specificH,0.006687717642195768,-5.5760582010582e-07,0.009449100216384863,0.00264638038550406
site_13,precipitation,2.239617394179894,0.0001934523809523813,3.4904944142512075,2.311701924253882
site_13,alfalfa,4.72505291005291,0.0001271494708994712,5.866004931561997,1.6771896356185227
site_13,grass,3.4305962301587294,6.597222222222302e-05,4.62245898752013,1.2363580077445016
site_13,sunshine,182.08363558201054,0.003460813492063491,170.7318528582931,44.28975079213066
site_13,windDirection,184.6618138227513,0.00987764550264553,59.24261775362318,38.35416653102434
site_13,windSpeed,4.457484126984126,0.00011309523809523885,0.835919635668277,0.6501920243268576
site_13,palmer_p,4.502182539682539,-0.0007523148148148145,0.3493609098228664,0.6450724466801053
site_13,palmer_z,4.857299933862434,1.6534391534392003e-05,0.7320350241545892,1.1688325470728216
site_14,burn,25.90944775132275,0.005839947089947085,7.010170088566827,7.734666127081525
site_14,dfm1000hr,17.30037996031746,-0.0016258267195767184,2.7648419887278584,1.8096161806579394
site_14,dfm100hr,15.724798445767195,-0.0013521825396825386,4.791169233091787,2.318635921325249
site_14,energy_ERC,29.29777943121693,0.005985449735449736,11.391286735104668,7.375626322165223
site_14,maxT,290.486810515873,0.00028802910052906416,27.108207528180362,6.941745032816066
site_14,maxRelH,88.09346197089945,-0.007147321428571425,8.49544685990338,6.23182103989041
site_14,vaporDeficit,0.7580513558201056,5.466269841269847e-05,1.166934707125604,0.3546639267274597
site_14,minT,277.89645271164017,8.167989417991012e-05,24.90828125,6.457977741906134
site_14,minRelH,42.029472056878305,0.00038640873015872556,12.656177536231887,9.367561273159817
site_14,specificH,0.006629235201719576,-6.116732804232804e-07,0.009480443136070854,0.002655315768859977
site_14,precipitation,2.2229449404761903,-0.000126984126984127,3.264621578099839,2.362792405462467
site_14,alfalfa,4.714839781746032,0.00018353174603174616,5.877126861916264,1.668458722627329
site_14,grass,3.419563161375661,9.804894179894179e-05,4.621478965378422,1.229482810242731
site_14,sunshine,181.43975264550267,0.003661044973544982,171.78199225040257,44.515827690638325
site_14,windDirection,185.08877149470894,0.008769841269841313,59.20515801127215,38.20961754709556
site_14,windSpeed,4.4881623677248665,0.0001271494708994712,0.8454440921900159,0.6561957280542327
site_14,palmer_p,4.830580357142857,-0.0015211640211640202,0.3914175724637682,0.6253519505726365
site_14,palmer_z,4.96020171957672,-0.00036375661375661353,0.8945249597423511,1.205497397052758
site_15,burn,25.861959325396825,0.0066550925925925935,6.615411131239936,7.86169570354506
site_15,dfm1000hr,17.319314814814813,-0.002387070105820103,2.9010250603864733,1.8339493556992263
site_15,dfm100hr,15.754603009259258,-0.0020633267195767223,4.850802133655395,2.3311100293872586
site_15,energy_ERC,29.26205687830688,0.008457341269841271,12.020435789049921,7.436045165141169
site_15,maxT,290.42605241402117,0.00035085978835978503,27.526269122383255,7.012433499344177
site_15,maxRelH,88.30337202380952,-0.01002463624338625,8.189776570048313,6.289242386766239
site_15,vaporDeficit,0.7638295138888888,9.573412698412688e-05,1.1914779840982286,0.3589773128459007
site_15,minT,277.6949839616402,0.0007938161375661036,25.025415911835744,6.479414350543219
site_15,minRelH,41.78022784391534,-0.00016170634920633747,13.379535024154588,9.36628648718694
site_15,specificH,0.00654146798941799,-6.842923280423283e-07,0.009362737595611917,0.00263706758201737
site_15,precipitation,2.1872718253968255,-0.00032638888888888865,3.422030998389694,2.327943247256318
site_15,alfalfa,4.718882936507937,0.00032787698412698515,5.96956546900161,1.6811381043524098
site_15,grass,3.416704365079365,0.00019312169312169213,4.67274959742351,1.237457738182365
site_15,sunshine,180.70331878306877,0.003833167989417977,171.52464447463768,44.61629595542977
site_15,windDirection,187.03153935185185,0.0058895502645502995,56.28818186392914,38.52842746703024
site_15,windSpeed,4.480289351851852,0.0001575727513227511,0.8699620068438003,0.6640871424481914
site_15,palmer_p,4.780415013227514,-0.002008928571428571,0.5289855072463767,0.6257676948464311
site_15,palmer_z,4.923164682539682,-0.0006696428571428577,0.8393090780998388,1.1785766230493393
site_16,burn,26.002819113756612,0.006140873015873018,7.062809480676329,7.881645639150322
site_16,dfm1000hr,17.306251322751322,-0.0021965939153439145,2.890417169887278,1.834481288040749
site_16,dfm100hr,15.734651289682539,-0.0018859126984127003,4.8681670189210955,2.3274027563841946
site_16,energy_ERC,29.35171130952381,0.0078505291005291,11.95017612721417,7.453197944211535
site_16,maxT,290.4814456018518,0.00043138227513227754,27.39700860507248,6.9992568313024845
site_16,maxRelH,88.24798511904761,-0.009205191798941774,8.274957729468602,6.279935087059639
site_16,vaporDeficit,0.7631925429894179,9.379960317460321e-05,1.1885534420289856,0.35747425303902003
site_16,minT,277.74089930555556,0.0006316137566137687,25.007148248792273,6.459275554394795
site_16,minRelH,41.63728323412698,-0.00026785714285714455,13.11742149758454,9.366160188259197
site_16,specificH,0.006562370056216931,-6.606646825396828e-07,0.00939526260567633,0.002639668110115811
site_16,precipitation,2.2167458664021162,-0.0003364748677248677,3.476999295491143,2.3837041476034098
site_16,alfalfa,4.722684689153438,0.00031795634920634975,5.968818941223833,1.6788824104544924
site_16,grass,3.4199188161375655,0.00018220899470899464,4.658719303542673,1.2345293231575296
site_16,sunshine,180.77936408730156,0.0038159722222222366,171.6615796095008,44.60771948910604
site_16,windDirection,185.05184027777776,0.008921957671957666,59.49664100241546,38.24759674436202
site_16,windSpeed,4.482498677248677,0.0001398809523809531,0.8584354871175522,0.6597843751459149
site_16,palmer_p,4.855770502645503,-0.001959325396825396,0.4643719806763285,0.6297884643729509
site_16,palmer_z,4.952050264550264,-0.0006365740740740742,0.8223002214170692,1.2093082085720057
site_17,burn,25.93939649470899,0.005778769841269838,7.217874396135266,8.05365842333831
site_17,dfm1000hr,17.376714947089944,-0.0019247685185185175,2.7361025563607084,1.8390210137484886
site_17,dfm100hr,15.72441865079365,-0.0016178902116402091,4.604371729066023,2.357026652179463
site_17,energy_ERC,29.006810515873017,0.006746031746031743,10.840154488727858,7.427330946783238
site_17,maxT,290.36924652777776,0.0005251322751322261,26.85651595209338,6.926662804651965
site_17,maxRelH,87.96102728174603,-0.007594907407407397,9.073345410628018,6.396703993433483
site_17,vaporDeficit,0.7473006283068783,8.11838624338623e-05,1.116214447463768,0.35031747701524785
site_17,minT,277.8409616402116,0.00021263227513230732,25.156324476650568,6.5005583221463725
site_17,minRelH,41.96014384920635,-0.0009079034391534368,12.135881642512079,9.283722831684393
site_17,specificH,0.006599430787037036,-6.788525132275128e-07,0.009479716183574878,0.0026672314166686457
site_17,precipitation,2.360860284391534,-8.763227513227561e-06,3.214806763285024,2.4705573335060387
site_17,alfalfa,4.7614826388888885,0.00029183201058201124,5.791255032206119,1.688106695122984
site_17,grass,3.439609623015873,0.000167658730158731,4.5695788043478265,1.2353062303389934
site_17,sunshine,181.15348644179892,0.004469411375661383,170.68916767310787,44.248395011295756
site_17,windDirection,186.6212218915344,0.004409722222222204,58.3638385668277,37.725776287954986
site_17,windSpeed,4.722787533068782,0.00015542328042328146,0.9709530998389695,0.7040427053872701
site_17,palmer_p,4.5780588624338625,-0.0013806216931216927,0.5656828703703705,0.6313129675898833
site_17,palmer_z,4.900438161375662,-0.0002149470899470897,1.0383202495974233,1.14465160082008
site_18,burn,25.8500496031746,0.0043336640211640185,8.040519323671498,8.014494782600298
site_18,dfm1000hr,17.463342923280422,-0.0014079034391534387,2.7298100342190006,1.8314381338274333
site_18,dfm100hr,15.818790013227511,-0.0012445436507936523,4.65745018115942,2.3526877835258566
site_18,energy_ERC,28.70444444444444,0.004965277777777783,10.702860809178746,7.378218420136019
site_18,maxT,290.25711789021165,0.0003958333333333117,26.941355173107894,6.944559474800491
site_18,maxRelH,88.34250082671957,-0.006305059523809524,8.701171497584538,6.323769039392911
site_18,vaporDeficit,0.7357209325396825,6.106150793650788e-05,1.1029291465378421,0.3474398128162495
site_18,minT,277.740197255291,-7.655423280417446e-05,25.324759963768102,6.5387067856950205
site_18,minRelH,42.244474371693116,-0.0004725529100529004,12.104070048309179,9.32546487961281
site_18,specificH,0.006633652199074074,-6.615410052910044e-07,0.009565600317028987,0.0026926142016072767
site_18,precipitation,2.323912037037037,7.969576719576723e-05,3.264106280193237,2.4153770937855366
site_18,alfalfa,4.714467592592592,0.00021957671957672007,5.769215479066022,1.6776488310637796
site_18,grass,3.414228670634921,0.00011838624338624391,4.550751811594203,1.2302823370471705
site_18,sunshine,181.46631779100525,0.004563988095238106,170.54680505233495,44.171160876412344
site_18,windDirection,186.6212218915344,0.004409722222222204,58.3638385668277,37.725776287954986
site_18,windSpeed,4.7297716600529105,0.00015211640211640158,0.9837809480676327,0.7044878027373306
site_18,palmer_p,4.549760251322751,-0.0006944444444444441,0.5491646537842192,0.6347634720234563
site_18,palmer_z,4.903116732804232,-0.00014880952380952382,1.0191727053140096,1.15238067761844
site_19,burn,22.650917658730158,0.0029365079365079347,6.025422705314009,6.89964663556167
site_19,dfm1000hr,17.78680489417989,-0.001100859788359788,2.6331941928341376,1.8011658916453477
site_19,dfm100hr,16.096411375661376,-0.0012958002645502668,4.5159291968599025,2.321193262776241
site_19,energy_ERC,27.47992063492063,0.004085648148148147,10.458678039452497,7.134061940102896
site_19,maxT,290.6545591931217,0.0004953703703702807,26.67664905394524,6.878949454580916
site_19,maxRelH,89.05370105820104,-0.007139880952380955,7.618629227053141,6.195016407461442
site_19,vaporDeficit,0.7310355985449736,7.943121693121682e-05,1.080239784621578,0.3454462079336052
site_19,minT,278.1474284060846,0.000461474867724933,24.586664150563614,6.397129974187309
site_19,minRelH,43.560900628306875,-0.0005419973544973493,13.344498792270532,9.7051193621583
site_19,specificH,0.006841587781084655,-6.707506613756606e-07,0.009807633026368761,0.0027552862633811667
site_19,precipitation,2.3999687499999998,0.00018022486772486789,3.752577999194847,2.4902343280546115
site_19,alfalfa,4.364493386243385,0.00021279761904761794,5.434281904186795,1.5330904013913313
site_19,grass,3.2372281746031746,0.00012334656084656058,4.404273852657004,1.1577113300521493
site_19,sunshine,180.32917576058202,0.00595386904761908,172.56286433172306,44.69448059533249
site_19,windDirection,180.6505357142857,0.0039120370370369865,54.36831219806764,37.76196923016106
site_19,windSpeed,3.8797652116402115,9.573412698412714e-05,0.9405696457326892,0.6257759633250137
site_19,palmer_p,4.626438492063492,-0.0002314814814814812,0.47300221417069227,0.6358003830768669
site_19,palmer_z,4.919146825396825,-4.9603174603174955e-05,0.972826086956522,1.1985639948567501
site_20,burn,25.899864417989416,0.004737103174603172,7.459178743961353,7.706417183386659
site_20,dfm1000hr,17.237680555555556,-0.001503472222222223,2.65739356884058,1.8224947980083885
site_20,dfm100hr,15.641463789682538,-0.001423776455026455,4.757775764895331,2.3474496619373966
site_20,energy_ERC,29.511516203703703,0.005547288359788359,11.205238526570046,7.4344714767944
site_20,maxT,290.57410433201056,0.00031101190476185873,26.841343347423507,6.921887122264493
site_20,maxRelH,87.71933416005292,-0.008022486772486763,8.257276570048306,6.253980733017091
site_20,vaporDeficit,0.7640228174603174,6.299603174603168e-05,1.1684857336956522,0.35856239830854203
site_20,minT,278.0925152116402,0.00032655423280421775,24.765213617149758,6.427770417584257
site_20,minRelH,42.03960102513227,0.000616071428571435,12.516684782608696,9.437804548211556
site_20,specificH,0.006677082175925926,-5.700892857142848e-07,0.009471091082930757,0.0026485161746252453
site_20,precipitation,2.225113425925926,0.00017526455026455043,3.3755600845410627,2.3090976626079964
site_20,alfalfa,4.72582457010582,0.000178571428571429,5.854524959742351,1.6740631876293832
site_20,grass,3.430273974867725,9.689153439153473e-05,4.6134822866344605,1.234861365893086
site_20,sunshine,181.9897066798942,0.003438326719576728,170.9583021336554,44.33218402776047
site_20,windDirection,184.6618138227513,0.00987764550264553,59.24261775362318,38.35416653102434
site_20,windSpeed,4.460459656084656,0.00011623677248677321,0.8363020833333334,0.65098295708125
site_20,palmer_p,4.596916335978836,-0.0009755291005291003,0.296900161030596,0.6271846792523258
site_20,palmer_z,4.891079695767195,-1.6534391534392003e-05,0.8146638486312399,1.1594281760404126
site_21,burn,26.48338955026455,0.007247023809523812,6.559722222222224,7.801608121605542
site_21,dfm1000hr,17.0830269510582,-0.002394345238095239,2.676264593397746,1.8114166775654885
site_21,dfm100hr,15.550978009259259,-0.00212797619047619,4.70851097020934,2.318084541789399
site_21,energy_ERC,30.07024966931217,0.008778108465608468,11.274194847020935,7.4675562989566995
site_21,maxT,290.6041441798942,0.0006597222222222989,27.209356380837356,6.9814278316464495
site_21,maxRelH,87.65460747354496,-0.010568783068783071,7.970392512077297,6.283991364248783
site_21,vaporDeficit,0.7748771494708994,0.00011817129629629622,1.1898998087761674,0.36360666839547545
site_21,minT,277.93224652777775,0.000984457671957679,24.884918226650562,6.4685794367062766
site_21,minRelH,41.44394146825396,-0.00036276455026455306,12.730730676328498,9.29674136250607
site_21,specificH,0.006587906134259258,-5.891369047619054e-07,0.009460099461553946,0.0026380686245378172
site_21,precipitation,2.1444275793650793,-4.745370370370372e-05,3.321980424718196,2.3382401389188647
site_21,alfalfa,4.767285218253968,0.0003773148148148156,5.93516304347826,1.6911103416827653
site_21,grass,3.449786375661375,0.00021527777777777864,4.648732387278583,1.2440562514716873
site_21,sunshine,181.56953835978837,0.003056382275132326,171.06714749396136,44.45533275483894
site_21,windDirection,184.9027397486772,0.007509920634920639,58.993088264895334,38.24780570949886
site_21,windSpeed,4.4740950727513225,0.0001316137566137571,0.8418483293075681,0.6553220990634953
site_21,palmer_p,4.798015873015872,-0.0014963624338624334,0.3276469404186795,0.6741937790938318
site_21,palmer_z,4.944494047619048,-0.0003389550264550266,0.8309178743961353,1.231962980779973
site_22,burn,26.4919957010582,0.004216269841269847,7.654770531400968,7.879413061444843
site_22,dfm1000hr,17.079737433862434,-0.001757605820105823,2.678382900563606,1.803323489739325
site_22,dfm100hr,15.53683597883598,-0.00167228835978836,4.731577093397745,2.3313968934753317
site_22,energy_ERC,30.14378472222222,0.006203703703703701,11.347280092592591,7.433965130356592
site_22,maxT,290.7236942791005,0.000506779100529102,27.032971769323666,6.951988217921158
site_22,maxRelH,87.65575661375662,-0.009055720899470897,8.3818538647343,6.302010361502216
site_22,vaporDeficit,0.7795349702380951,8.343253968253961e-05,1.1903463415861513,0.36306000048433457
site_22,minT,277.9222149470899,0.0006183862433862449,24.911864432367146,6.436032728572389
site_22,minRelH,41.088639550264546,0.00018700396825396736,12.420271739130435,9.277750468216821
site_22,specificH,0.006607129464285714,-5.553406084656084e-07,0.009439697765700483,0.0026405993745601953
site_22,precipitation,2.165965939153439,2.794312169312183e-05,3.413204508856683,2.331642491665538
site_22,alfalfa,4.784616898148148,0.00023941798941799089,5.914717944847021,1.6884003567899117
site_22,grass,3.462701058201058,0.00013657407407407428,4.653605324074074,1.2426969494709106
site_22,sunshine,182.17456977513226,0.0030287698412697936,170.70290911835747,44.40636626503424
site_22,windDirection,184.28480985449735,0.006812169312169252,60.02289905394525,38.321647619251735
site_22,windSpeed,4.45157457010582,0.00010333994708994685,0.8313053542673108,0.6479792467180716
site_22,palmer_p,4.69021164021164,-0.0015046296296296296,0.27855776972624813,0.6402125142405259
site_22,palmer_z,4.92075066137566,-0.0002645502645502657,0.764392109500805,1.1909767703589793
site_23,burn,26.01066468253968,0.004107142857142856,7.129468599033817,7.822370571269161
site_23,dfm1000hr,17.206877314814815,-0.00127827380952381,2.70091888083736,1.8323470659150873
site_23,dfm100hr,15.634965939153439,-0.001250000000000001,4.761860909822866,2.367816536826847
site_23,energy_ERC,29.615013227513227,0.004776785714285709,11.445810688405796,7.499085019479737
site_23,maxT,290.5928177910053,0.0001941137566137605,26.778215328099847,6.92245732177889
site_23,maxRelH,87.77176488095239,-0.007773313492063511,7.934625603864735,6.271880515050432
site_23,vaporDeficit,0.7603541170634921,5.534060846560834e-05,1.1629996225845411,0.357882776304729
site_23,minT,278.0809776785714,0.0002789351851852135,24.84217039049919,6.427688560227788
site_23,minRelH,42.01192195767196,0.0011066468253968255,12.422934782608698,9.526637203550894
site_23,specificH,0.00671086800595238,-5.589451058201061e-07,0.009495931662640903,0.002657057047987152
site_23,precipitation,2.2147091600529096,0.00015509259259259252,3.4863141606280195,2.3109551465775477
site_23,alfalfa,4.709045469576719,0.0001331018518518531,5.845329106280193,1.6735367268269496
site_23,grass,3.421731481481481,7.142857142857202e-05,4.609749647745572,1.2346640783446443
site_23,sunshine,182.11229513888892,0.0033206018518518207,170.72198319243154,44.32540412582326
site_23,windDirection,184.6618138227513,0.00987764550264553,59.24261775362318,38.35416653102434
site_23,windSpeed,4.455601851851852,0.0001094576719576711,0.837511574074074,0.6491153509904005
site_23,palmer_p,4.60250496031746,-0.0008432539682539684,0.285300925925926,0.6533804489946774
site_23,palmer_z,4.88761574074074,-3.3068783068784006e-05,0.791603764090177,1.1736956280121889
site_24,burn,23.534434523809523,0.006469907407407409,7.341923309178743,7.4239373846827235
site_24,dfm1000hr,18.35077017195767,-0.0019160052910052923,2.7506489029790666,1.8358335340338026
site_24,dfm100hr,16.56631134259259,-0.002073412698412699,4.559967542270532,2.2976594809011024
site_24,energy_ERC,25.44263392857143,0.007144510582010579,11.124514392109502,7.099157640664148
site_24,maxT,289.21295370370365,0.0007619047619048133,26.990420692431556,6.916642363028347
site_24,maxRelH,89.70423164682538,-0.009986276455026468,6.840102657004829,6.082962105707984
site_24,vaporDeficit,0.6263254464285714,0.00012858796296296292,0.99769889794686,0.3197434025469723
site_24,minT,277.36112268518514,0.0009588293650794066,24.929123892914667,6.4973969455771705
site_24,minRelH,46.40519130291005,-0.0015099206349206405,12.790283816425124,9.09830532353582
site_24,specificH,0.006745712781084655,-6.936177248677256e-07,0.009701959641706923,0.0026948503068448064
site_24,precipitation,2.5105588624338626,7.936507936508119e-06,3.419488979468599,2.50947489859486
site_24,alfalfa,4.241874669312169,0.0004839616402116392,5.484062499999999,1.5360121031530665
site_24,grass,3.1144343584656085,0.0002896825396825395,4.352155545491144,1.1411558051483328
site_24,sunshine,176.875568287037,0.006636408730158751,165.89157432568442,43.007759146725554
site_24,windDirection,192.77036044973542,-0.0015261243386243603,51.5495395531401,36.78594863768393
site_24,windSpeed,4.834686177248677,0.0001516203703703703,1.1526557467793883,0.7087272323224749
site_24,palmer_p,5.097156084656085,0.000744047619047619,0.3954559178743965,0.6105430601851816
site_24,palmer_z,5.0414517195767194,-0.00010747354497354485,0.9296497584541061,1.1920025294128622
site_25,burn,23.530201719576716,0.008354828042328039,7.584146034621579,7.356805639607016
site_25,dfm1000hr,18.316824735449735,-0.0025251322751322766,2.7335690921900166,1.8105457949375934
site_25,dfm100hr,16.50596527777778,-0.0026028439153439192,4.46516807568438,2.2764337333345344
site_25,energy_ERC,25.621949404761907,0.009426256613756621,11.375631541867953,7.040213506904364
site_25,maxT,289.36787152777777,0.0012843915343914941,26.801229116344615,6.890407214385233
site_25,maxRelH,89.4868179563492,-0.011798611111111107,7.1470712560386485,6.131975989269622
site_25,vaporDeficit,0.6351251818783069,0.0001854332010582011,0.9874396638486312,0.32016476797756976
site_25,minT,277.47972371031744,0.0014047619047618451,24.893779690016093,6.490593621409198
site_25,minRelH,46.083977182539684,-0.002731646825396828,12.32769927536232,8.858260031869422
site_25,specificH,0.006737181200396825,-6.922949735449749e-07,0.009702337082326892,0.002694280637488535
site_25,precipitation,2.569495535714286,8.432539682539679e-05,3.581643518518519,2.556055892562208
site_25,alfalfa,4.259083333333334,0.0006828703703703704,5.422175171095008,1.524471402207525
site_25,grass,3.1257084986772488,0.0004153439153439158,4.324881743156199,1.1343108357249143
site_25,sunshine,176.4572771164021,0.006510912698412732,167.30330892713366,43.18676800558476
site_25,windDirection,193.333621031746,-0.0016154100529100273,51.155880132850235,36.831016863773755
site_25,windSpeed,4.763337962962963,0.00014897486772486618,1.142422504025765,0.6930369967993104
site_25,palmer_p,5.063095238095238,0.0005869708994708993,0.4662590579710143,0.6385122625872042
site_25,palmer_z,5.043468915343915,-0.0002314814814814817,0.9939613526570048,1.2000095660604282
site_26,burn,23.706420304232804,0.008607804232804236,7.3049642713365515,7.550192740041516
site_26,dfm1000hr,18.33959341931217,-0.002052910052910048,2.8763853663446053,1.8362051592072308
site_26,dfm100hr,16.567316468253967,-0.002170800264550266,4.654564210950081,2.3059672855293805
site_26,energy_ERC,25.510345568783066,0.008118386243386242,11.28768367552335,7.113762606091537
site_26,maxT,289.2657078373016,0.0007716600529100165,27.069480927938805,6.927253828180223
site_26,maxRelH,89.8142822420635,-0.01007225529100527,7.042330917874397,6.080679224368297
site_26,vaporDeficit,0.632354332010582,0.00012409060846560831,1.0091536080917876,0.3215593526007267
site_26,minT,277.30307605820104,0.0009995039682539051,25.017653985507252,6.511822999091484
site_26,minRelH,46.05413095238095,-0.0018249007936507917,12.869619565217391,9.13254417580958
site_26,specificH,0.006723408134920635,-6.875165343915352e-07,0.009670443790257648,0.0026897569289641684
site_26,precipitation,2.488645502645502,1.620370370370412e-05,3.4007316827697265,2.4810503034984235
site_26,alfalfa,4.28144494047619,0.00047602513227513213,5.534419031803543,1.5519217084572232
site_26,grass,3.137733134920635,0.0002962962962962961,4.379737067230274,1.149623811387019
site_26,sunshine,177.00809523809522,0.006793320105820063,165.93174416264088,43.140629413064765
site_26,windDirection,192.21767691798942,-0.0003835978835979182,51.8290408615137,36.88393084496414
site_26,windSpeed,4.875162367724867,0.00015095899470899557,1.1703447061191625,0.7209839646755681
site_26,palmer_p,5.037723214285714,0.0002149470899470897,0.4297504025764898,0.6354805571531894
site_26,palmer_z,5.01261574074074,-0.00017361111111111182,0.9120496175523349,1.1922166936699425
site_27,burn,23.802354497354496,0.007865410052910053,7.5485431763285025,7.514144658773879
site_27,dfm1000hr,18.374555886243385,-0.002135085978835977,2.610391002415459,1.8080194244945167
site_27,dfm100hr,16.575231977513226,-0.0022323082010582015,4.518250805152979,2.284172587663596
site_27,energy_ERC,25.481436838624337,0.008134920634920629,10.56639241143317,7.004197053857234
site_27,maxT,289.32079183201057,0.0007880291005291507,26.943970913848652,6.907356955775221
site_27,maxRelH,89.98997073412697,-0.010187500000000023,6.73524758454106,6.040252269919205
site_27,vaporDeficit,0.6346783068783067,0.00013260582010582008,0.9916709943639292,0.3207691507454836
site_27,minT,277.2162938161375,0.0010393518518518315,24.991653834541058,6.492955247023354
site_27,minRelH,45.573414847883605,-0.0021488095238095233,12.561153381642512,9.050814797865199
site_27,specificH,0.0067041751157407405,-6.964451058201052e-07,0.009660993583937199,0.002694482602310736
site_27,precipitation,2.4965370370370366,6.9444444444442085e-06,3.4718178844605476,2.428081060467496
site_27,alfalfa,4.3077647156084655,0.0005008267195767202,5.471040660225443,1.5531279021323394
site_27,grass,3.1531582341269844,0.00030985449735449714,4.344846014492754,1.1481139500187834
site_27,sunshine,177.09331233465608,0.006922619047619011,167.15711277173915,43.33015323600214
site_27,windDirection,191.83313822751322,-0.001641865079365041,51.96563254830917,36.95541153911448
site_27,windSpeed,4.898195271164021,0.00014715608465608546,1.20176856884058,0.7265403083130132
site_27,palmer_p,4.928017526455026,0.00028108465608465613,0.5249849033816427,0.6560402592552163
site_27,palmer_z,4.981853505291004,-0.00018187830687830677,0.9535904790660226,1.1934940476461005
site_28,burn,24.05014219576719,0.007693452380952383,6.795652173913044,7.655879926115005
site_28,dfm1000hr,18.32967344576719,-0.0023592923280423336,2.709084390096618,1.801519480778834
site_28,dfm100hr,16.538089947089944,-0.002408068783068781,4.5064090177133656,2.2810462476992623
site_28,energy_ERC,25.685345568783067,0.008573082010582007,10.79615539452496,7.0214858913663845
site_28,maxT,289.6145821759259,0.0009441137566138228,26.883827495974245,6.895252629467339
site_28,maxRelH,90.06621097883597,-0.010566468253968253,6.415905797101447,6.029164659873379
site_28,vaporDeficit,0.6496598379629629,0.0001556216931216932,1.0011888335346217,0.32571168271601647
site_28,minT,277.3660901124338,0.001100363756613782,24.86714321658615,6.474688072386217
site_28,minRelH,45.067726190476186,-0.002975694444444445,12.408641304347825,9.015743458525282
site_28,specificH,0.0067520544808201055,-7.527943121693125e-07,0.00969255527878422,0.0027102141355190134
site_28,precipitation,2.5059905753968255,-2.777777777777789e-05,3.6273004730273755,2.4653051267202697
site_28,alfalfa,4.381234457671957,0.0005757275132275144,5.494469353864734,1.5692004054590574
site_28,grass,3.202005621693121,0.00035300925925925945,4.364732538244766,1.1580505007278201
site_28,sunshine,177.78842559523807,0.0071459986772487195,169.06747760668276,43.54332978405897
site_28,windDirection,192.50380787037034,-0.0031564153439152926,50.89608997584541,36.74007583064905
site_28,windSpeed,4.91755324074074,0.00012814153439153487,1.2376854367954913,0.7254421958409749
site_28,palmer_p,4.772585978835978,-0.0002397486772486772,0.45161533816425103,0.6081742703223669
site_28,palmer_z,4.939004629629629,-9.920634920634885e-05,1.008101851851852,1.1911924937892957
site_29,burn,22.424307208994712,0.004011243386243386,6.468719806763284,6.843237492016375
site_29,dfm1000hr,17.925982473544973,-0.0009580026455026398,2.606635215378422,1.7544038329535574
site_29,dfm100hr,16.243757109788362,-0.0011668320105820116,4.424109802737519,2.270303306550337
site_29,energy_ERC,27.015916005291,0.003938492063492068,10.145531400966185,6.940683835427496
site_29,maxT,290.55794576719575,0.00044064153439155095,26.83133076690821,6.921564933218136
site_29,maxRelH,89.60526570767196,-0.006429563492063498,7.241847826086959,6.04295798487059
site_29,vaporDeficit,0.7136023148148148,7.013888888888883e-05,1.0630754076086957,0.3402973863409888
site_29,minT,278.06058349867726,0.0003497023809524351,24.597830112721418,6.4189957497692385
site_29,minRelH,44.03887913359788,-0.0003523478835978874,13.02204106280193,9.694299895194856
site_29,specificH,0.006897262202380952,-6.782572751322752e-07,0.009913710170088566,0.002809356757271473
site_29,precipitation,2.4015598544973544,5.853174603174593e-05,3.8872456219806764,2.546472146674906
site_29,alfalfa,4.282440806878307,0.0001878306878306897,5.3755870068438,1.5099864443179838
site_29,grass,3.1876210317460316,0.00010912698412698373,4.367207377214171,1.143711306607371
site_29,sunshine,179.78076074735446,0.0058703703703704,170.96984928542673,44.31514425788789
site_29,windDirection,180.2240128968254,0.0025958994708994558,53.54058977455716,37.66511323410157
site_29,windSpeed,3.837027943121693,9.722222222222262e-05,0.9465242552334943,0.6227291302559133
site_29,palmer_p,4.597842261904761,-0.00042162698412698393,0.3719806763285025,0.6574674904343218
site_29,palmer_z,4.916426917989418,-0.0001984126984126977,1.086994263285024,1.1871066213676515
site_30,burn,23.30522982804233,0.006238425925925929,6.931642512077295,7.216175357702268
site_30,dfm1000hr,18.60754183201058,-0.0015611772486772528,2.678772141706924,1.753339997685901
site_30,dfm100hr,16.837327215608465,-0.0018174603174603181,4.491669685990338,2.2445213065116247
site_30,energy_ERC,24.787698412698415,0.0059821428571428595,10.273105374396136,6.753908777129859
site_30,maxT,290.0049965277778,0.0007256944444444273,26.713858444041858,6.881684891940506
site_30,maxRelH,91.20787318121693,-0.008197916666666654,6.067487922705318,5.73752208509638
site_30,vaporDeficit,0.6596509259259258,0.00013416005291005302,0.9920892713365539,0.3271698458291458
site_30,minT,277.53384871031744,0.000517030423280438,24.69238375603865,6.4308582509567325
site_30,minRelH,45.60203273809524,-0.0028330026455026347,13.387487922705315,9.529805168965709
site_30,specificH,0.006866888210978835,-8.95386904761904e-07,0.009811743961352657,0.002744885300929977
site_30,precipitation,2.523390542328042,6.564153439153355e-05,3.6984568739935586,2.547744520402726
site_30,alfalfa,4.394156746031745,0.0005009920634920635,5.428832024959743,1.5739890147751343
site_30,grass,3.221206845238095,0.0002982804232804234,4.350735960144927,1.1640056675720833
site_30,sunshine,179.29745552248676,0.007093915343915366,169.21816425120772,43.64922683774072
site_30,windDirection,188.18111937830685,-0.00024636243386243537,52.14471618357488,37.129687113234525
site_30,windSpeed,4.773341104497354,0.0001182208994709005,1.2234641706924312,0.7289612225719279
site_30,palmer_p,4.55459656084656,-0.000826719576719577,0.4048409822866345,0.6167957449497516
site_30,palmer_z,4.900496031746031,-0.00019014550264550277,0.8827621779388082,1.1870016940126629
site_31,burn,23.85600198412698,0.007180886243386249,7.026086956521739,7.362357318880047
site_31,dfm1000hr,18.56485333994709,-0.0023824404761904746,2.742614231078906,1.7825616661119985
site_31,dfm100hr,16.77813921957672,-0.002574900793650795,4.466911231884057,2.2774607486889398
site_31,energy_ERC,24.943181216931215,0.008411044973544977,10.51237167874396,6.866900924504576
site_31,maxT,289.8273052248677,0.0010056216931217034,26.77912489935589,6.888388880754103
site_31,maxRelH,90.86378158068781,-0.010994212962962973,5.955640096618358,5.875942262788964
site_31,vaporDeficit,0.6469693452380951,0.00018075396825396818,0.9772553844605475,0.32652875329817216
site_31,minT,277.49198578042325,0.0012633928571428247,24.72342366143316,6.476803331884574
site_31,minRelH,45.678458664021164,-0.003796130952380951,12.92413647342995,9.335811774205865
site_31,specificH,0.006864615360449735,-8.856481481481484e-07,0.009823168679549115,0.0027466040924525466
site_31,precipitation,2.562937334656085,-2.8439153439153656e-05,3.736056763285024,2.567516160140452
site_31,alfalfa,4.3900515873015875,0.0006941137566137562,5.443764593397746,1.586223953776571
site_31,grass,3.2123296957671963,0.0004155092592592602,4.349927284621579,1.1680888403575582
site_31,sunshine,178.78882192460318,0.007327380952380988,169.37732060185186,43.56547217808204
site_31,windDirection,189.93429894179894,-0.0011193783068782926,49.50062147745571,36.95081633646618
site_31,windSpeed,4.95339417989418,0.00012962962962962874,1.2693030394524962,0.7442665513410739
site_31,palmer_p,4.659201388888889,-0.0011078042328042325,0.39178240740740744,0.6132503273904579
site_31,palmer_z,4.906324404761905,-0.0004794973544973544,0.9799214975845411,1.2088581862139525
site_32,burn,26.223627645502642,0.0054183201058201035,7.171074879227052,7.793932815873357
site_32,dfm1000hr,17.13704580026455,-0.0016775793650793704,2.669947161835749,1.8192321173487498
site_32,dfm100hr,15.587024801587303,-0.001501984126984127,4.726056008454107,2.3361312948573745
site_32,energy_ERC,29.834173280423283,0.00616898148148148,11.311878522544283,7.470627338412035
site_32,maxT,290.58540856481477,0.0003675595238095617,26.91084792673109,6.9261328528542165
site_32,maxRelH,87.64533118386244,-0.0081028439153439,7.947415458937204,6.232257437937979
site_32,vaporDeficit,0.766407423941799,7.298280423280417e-05,1.1750009057971014,0.35979367841022236
site_32,minT,278.1114037698413,0.00035234788359791275,24.76048862721416,6.443269945526641
site_32,minRelH,42.02632903439154,0.0005001653439153486,12.572427536231883,9.420375753778291
site_32,specificH,0.00667035453042328,-5.770171957671951e-07,0.009468194771537843,0.0026427242362505737
site_32,precipitation,2.161126157407407,8.267195767194417e-07,3.306441223832528,2.3126687042359793
site_32,alfalfa,4.73301703042328,0.000208664021164021,5.876918780193237,1.6767866777609048
site_32,grass,3.433486772486772,0.00011061507936507975,4.631115136876007,1.237118783760274
site_32,sunshine,181.91189947089944,0.003255621693121721,170.980291113124,44.371941985803076
site_32,windDirection,184.9502645502645,0.008953373015873027,59.421178039452506,38.3039118006834
site_32,windSpeed,4.463036541005291,0.0001162367724867711,0.8383391203703705,0.6517038426172832
site_32,palmer_p,4.692700066137566,-0.001173941798941799,0.2954785628019324,0.6469128046147872
site_32,palmer_z,4.92166832010582,-0.00018187830687830677,0.8532860305958132,1.204802052027757
site_33,burn,26.332265211640212,0.006188822751322753,6.987439613526569,7.746402220392989
site_33,dfm1000hr,17.161452546296296,-0.0020254629629629633,2.664552636876006,1.8060051502230596
site_33,dfm100hr,15.625745205026455,-0.0017038690476190459,4.76720687399356,2.320347522009612
site_33,energy_ERC,29.796516203703703,0.00729993386243386,11.179737822061192,7.412312800749242
site_33,maxT,290.51254695767193,0.00042724867724867215,27.28738300120773,6.982034987298264
site_33,maxRelH,87.96530175264549,-0.008679728835978836,7.916775362318841,6.2557282738480415
site_33,vaporDeficit,0.7654789847883597,8.652447089947087e-05,1.184039905394525,0.3597800575965304
site_33,minT,277.8186617063492,0.0005234788359788786,24.941362218196453,6.473004625226061
site_33,minRelH,41.55721643518518,0.00024586640211640405,12.850295893719803,9.346324997816712
site_33,specificH,0.00658930236441799,-5.98098544973545e-07,0.009464037842190017,0.0026427963958444638
site_33,precipitation,2.1467089947089946,-0.00013988095238095258,3.3402722423510465,2.304671321121038
site_33,alfalfa,4.733747519841269,0.0002647156084656091,5.941485004025766,1.6842260726377223
site_33,grass,3.42867542989418,0.00014947089947089958,4.650475040257649,1.2403705073152087
site_33,sunshine,181.31974123677247,0.0030277777777777985,171.33377742552335,44.54126541537754
site_33,windDirection,185.91010747354497,0.007422288359788387,59.25874345813203,38.62810684947024
site_33,windSpeed,4.480454695767196,0.00014169973544973487,0.8474972322866345,0.6572649335259747
site_33,palmer_p,4.818080357142857,-0.0014715608465608462,0.4211201690821257,0.6511275557014445
site_33,palmer_z,4.9466104497354495,-0.0003389550264550266,0.8484551127214172,1.2332087396843103
site_34,burn,26.89097387566137,0.00720403439153439,7.623671497584541,7.838961159657796
site_34,dfm1000hr,16.922537698412697,-0.0025952380952380906,2.660756088969404,1.8052463158356005
site_34,dfm100hr,15.421075727513225,-0.002336640211640211,4.718442028985508,2.3100589280225505
site_34,energy_ERC,30.62881944444444,0.009414682539682537,11.291314412238325,7.453863568932318
site_34,maxT,290.80645519179893,0.0009537037037036709,27.209148299114332,6.977858667975999
site_34,maxRelH,87.2869193121693,-0.011330522486772479,8.159903381642511,6.329726010681988
site_34,vaporDeficit,0.7911676587301587,0.00014679232804232792,1.21898480273752,0.36868411379463334
site_34,minT,278.0381919642857,0.0011461640211639487,25.00494590378421,6.460000592491641
site_34,minRelH,40.973050760582,-0.001095072751322759,12.393490338164252,9.158194973794023
site_34,specificH,0.006613893568121692,-5.851025132275131e-07,0.009511192406400967,0.002646940206658627
site_34,precipitation,2.0892982804232805,-4.6130952380952456e-05,3.2006426127214174,2.298034789271528
site_34,alfalfa,4.825920965608465,0.00046395502645502605,5.995409118357488,1.702154390550062
site_34,grass,3.4877547949735446,0.0002673611111111111,4.690646386876006,1.2532794425690634
site_34,sunshine,181.84410333994705,0.002774140211640215,170.80081244967795,44.47593684986118
site_34,windDirection,184.9027397486772,0.007509920634920639,58.993088264895334,38.24780570949886
site_34,windSpeed,4.46985119047619,0.0001249999999999984,0.8466548409822867,0.6542757323666833
site_34,palmer_p,4.732316468253968,-0.0017195767195767192,0.3887127616747179,0.6721050985979641
site_34,palmer_z,4.924041005291005,-0.00043816137566137544,0.7419233091787436,1.2212674951532874
site_35,burn,26.74711474867725,0.003118386243386238,7.030797101449276,7.8395849514746425
site_35,dfm1000hr,16.886760747354497,-0.0003429232804232801,3.0239165660225433,1.7792092304290432
site_35,dfm100hr,15.34235796957672,-0.0007070105820105762,4.995225946054751,2.324167509552918
site_35,energy_ERC,30.843748346560844,0.0021180555555555536,12.133919585346217,7.358185315544894
site_35,maxT,291.28606679894176,0.0002948082010582149,26.62046422101448,6.901817334546741
site_35,maxRelH,87.13113326719575,-0.005586640211640212,8.896557971014495,6.356606942178192
site_35,vaporDeficit,0.826140443121693,-4.232804232804075e-06,1.2566653582930758,0.3818501510262384
site_35,minT,278.177476686508,-9.738756613755651e-05,24.65438732890499,6.374734816011535
site_35,minRelH,40.11916087962963,0.0008202711640211595,12.429112318840579,9.165558112251219
site_35,specificH,0.0066172269675925915,-4.039682539682535e-07,0.009144232815016102,0.0025839213660850797
site_35,precipitation,2.145684193121693,0.0002997685185185186,3.167652979066023,2.1327847966341174
site_35,alfalfa,4.951688657407407,-9.970238095238226e-05,6.07927536231884,1.7271304791924893
site_35,grass,3.570434523809524,-6.134259259259214e-05,4.736733343397745,1.265239440375287
site_35,sunshine,184.37002083333334,0.0025765542328042355,168.0742949879227,43.334542626620376
site_35,windDirection,180.0890773809524,0.009444444444444415,61.41343599033816,37.968918417222845
site_35,windSpeed,4.429415013227513,-3.3068783068788237e-06,0.8514734299516908,0.642274049683446
site_35,palmer_p,4.423189484126984,-0.0003389550264550266,0.33675523349436376,0.6230818580651828
site_35,palmer_z,4.848759920634921,0.0003720238095238095,0.8192808977455716,1.140698936337335
site_36,burn,27.02042824074074,0.00434689153439153,7.045712560386474,7.934898194108378
site_36,dfm1000hr,16.784603174603173,-0.0007779431216931233,2.84772720410628,1.7870471802205392
site_36,dfm100hr,15.262132275132274,-0.0010044642857142856,4.757798661433172,2.327506042315293
site_36,energy_ERC,31.168540013227513,0.0037665343915343863,11.656405998389694,7.403802826123049
site_36,maxT,291.34661292989415,0.00027099867724871273,26.436337308776167,6.882080725948899
site_36,maxRelH,86.8464546957672,-0.006601521164021172,8.67748188405797,6.43856071443972
site_36,vaporDeficit,0.826964384920635,6.498015873015884e-06,1.247207553341385,0.3807171268417814
site_36,minT,278.29105423280424,6.283068783072091e-05,24.575524355877622,6.354820655798368
site_36,minRelH,40.07367063492063,0.0007127976190476137,11.686974637681155,9.122703234382616
site_36,specificH,0.006656863425925925,-4.375661375661369e-07,0.00919487037037037,0.002603991511942128
site_36,precipitation,2.1146235119047616,0.0001339285714285715,3.1188808373590984,2.115742252809655
site_36,alfalfa,4.96445171957672,-6.018518518518508e-05,6.0367871880032205,1.7202567335336705
site_36,grass,3.580211144179894,-4.513888888888854e-05,4.709911684782609,1.261072681982902
site_36,sunshine,184.51520089285714,0.002401620370370408,168.22925473027374,43.30486699695046
site_36,windDirection,180.08146329365078,0.008993055555555565,61.5932518115942,37.84775600989248
site_36,windSpeed,4.437957671957672,-5.9523809523808255e-06,0.8568538647342994,0.6444378247161929
site_36,palmer_p,4.4266038359788356,-0.0005869708994709002,0.3759812801932369,0.6287263912790693
site_36,palmer_z,4.846593915343915,0.00029761904761904765,0.8245772946859902,1.1559316199168832
site_37,burn,27.16600033068783,0.0023214285714285663,7.119685990338164,8.065478479654093
site_37,dfm1000hr,16.794036044973545,-0.0005137235449735444,2.991813355475041,1.8088276928831921
site_37,dfm100hr,15.255580522486772,-0.0008998015873015894,5.024934832930757,2.3452798587246995
site_37,energy_ERC,31.235302579365076,0.002579365079365068,12.09068287037037,7.552284666198923
site_37,maxT,290.9786888227513,0.00045568783068777717,26.650956370772935,6.905990495436869
site_37,maxRelH,86.69555456349207,-0.006652447089947108,9.550736714975844,6.382112919178333
site_37,vaporDeficit,0.8159143187830689,2.4255952380952287e-05,1.2415939512882448,0.379120959798897
site_37,minT,277.9455886243386,0.00029232804232802456,24.55097498993559,6.398320033872359
site_37,minRelH,40.02556068121692,0.0008581349206349269,12.485917874396137,9.15116459079907
site_37,specificH,0.006500700793650793,-3.383267195767187e-07,0.009035174340780997,0.002543726830347868
site_37,precipitation,2.104357308201058,0.00019576719576719598,3.272786080917874,2.163618038221593
site_37,alfalfa,4.911628306878306,-5.78703703703847e-06,6.060647141706925,1.717386271292144
site_37,grass,3.5402736441798943,-5.787037037036356e-06,4.722827345008051,1.2594912743691538
site_37,sunshine,183.71717642195767,0.0030085978835978993,168.67452646940416,43.70482862436391
site_37,windDirection,181.53233134920634,0.006841931216931265,57.53578904991949,37.82525482865567
site_37,windSpeed,4.434230324074074,1.8187830687831415e-05,0.8352126107085346,0.6409946361602535
site_37,palmer_p,4.583192791005291,-0.00010747354497354538,0.33996326489533,0.6177186859961664
site_37,palmer_z,4.898619378306877,0.0002893518518518516,0.82518115942029,1.1551141973290977
site_38,burn,23.23839947089947,0.006231812169312167,6.565879126409018,7.163590022570853
site_38,dfm1000hr,17.98662781084656,-0.0022443783068783058,2.224123138083736,1.830930023499681
site_38,dfm100hr,16.192105985449736,-0.002318287037037032,4.131615841384863,2.280168319716257
site_38,energy_ERC,26.790297619047617,0.008080357142857136,9.91044937600644,7.121880592271493
site_38,maxT,290.16982390873017,0.001022486772486835,26.378822715378426,6.794146598575532
site_38,maxRelH,88.61516335978835,-0.01086640211640212,7.39485507246377,6.352136495299701
site_38,vaporDeficit,0.6773167824074073,0.00014627976190476186,1.0303264895330113,0.333052360948485
site_38,minT,278.0606314484127,0.001279265873015826,24.783297101449282,6.388579040467773
site_38,minRelH,45.21323859126984,-0.00252215608465608,10.591721014492752,8.789624777641905
site_38,specificH,0.006890970568783068,-6.374338624338632e-07,0.009894441802536232,0.0027408667635971406
site_38,precipitation,2.56761541005291,7.043650793650732e-05,3.91784420289855,2.6660819257363944
site_38,alfalfa,4.294983961640211,0.0005023148148148161,5.324815066425121,1.4925338679985567
site_38,grass,3.1780314153439146,0.0003159722222222224,4.302688707729469,1.124113900918573
site_38,sunshine,179.10338607804232,0.008530588624338637,167.74483066626408,43.23973752023667
site_38,windDirection,185.72718749999999,0.0018270502645502383,49.96116394927536,36.777285940209744
site_38,windSpeed,4.30576207010582,9.308862433862567e-05,1.1982435084541065,0.6474827011339275
site_38,palmer_p,4.94849537037037,-2.4801587301587478e-05,0.3121729066022544,0.6338912775391908
site_38,palmer_z,4.987888558201058,-0.0001901455026455017,1.0122282608695654,1.18227284382146
site_39,burn,22.623599537037038,0.006013558201058199,5.874396135265701,7.0209257451846225
site_39,dfm1000hr,18.025649470899467,-0.002409556878306875,2.3328175322061186,1.7991801790420912
site_39,dfm100hr,16.237026785714285,-0.0024985119047619036,4.1705839875201285,2.2692514781875497
site_39,energy_ERC,26.636288029100527,0.008561507936507937,9.747748087761671,7.0699678099203505
site_39,maxT,290.0853857473545,0.001199900793650819,26.605651922302755,6.846657786420133
site_39,maxRelH,88.85555125661375,-0.011241898148148148,7.074764492753625,6.245307731461303
site_39,vaporDeficit,0.6804078207671956,0.0001597883597883598,1.0345293377616747,0.3333261219951632
site_39,minT,277.9390388558201,0.001310350529100544,24.866167220209334,6.428754436464045
site_39,minRelH,44.99135714285714,-0.0029909060846560853,10.893997584541063,8.788324347583275
site_39,specificH,0.0068489791170634915,-6.598710317460315e-07,0.009855231204710145,0.0027383346662363988
site_39,precipitation,2.545717923280423,-0.00011822089947089944,3.7642313305152975,2.6569233462550295
site_39,alfalfa,4.242655588624339,0.0005307539682539688,5.299812047101449,1.4807272833435539
site_39,grass,3.1520381944444438,0.00033912037037037103,4.3030009561191624,1.1213237969796523
site_39,sunshine,179.6238072089947,0.008190145502645475,166.71329232085347,43.033045451007375
site_39,windDirection,184.42529596560846,0.006374007936507925,49.226212761674724,36.621625674999365
site_39,windSpeed,4.130196924603174,8.812830687830638e-05,1.1480784520933978,0.6244705506617099
site_39,palmer_p,4.692931547619048,-0.0002397486772486772,0.3087510064412237,0.6343728873850536
site_39,palmer_z,4.932597552910053,-0.00025628306878306865,0.9292723429951691,1.1839395057920727
site_40,burn,23.594950396825393,0.009545304232804228,7.600301932367149,7.289903128319592
site_40,dfm1000hr,17.96543253968254,-0.0034153439153439165,2.1541651570048312,1.7957328313656935
site_40,dfm100hr,16.181283234126983,-0.003581845238095235,3.977182971014492,2.275190706594887
site_40,energy_ERC,26.84632771164021,0.012541335978835973,9.175158514492754,7.082113276404318
site_40,maxT,290.267054563492,0.00172040343915351,26.58497257447666,6.851364792117221
site_40,maxRelH,88.83251240079365,-0.015614417989417987,6.090845410628014,6.128570603438283
site_40,vaporDeficit,0.6997205357142856,0.0002448082010582011,1.0325343699677938,0.33704721084515965
site_40,minT,277.9946031746032,0.002426752645502683,24.690951590177136,6.418230570209693
site_40,minRelH,44.378787202380956,-0.004420138888888895,11.6018961352657,9.0027775200826
site_40,specificH,0.006820904679232804,-6.77695105820105e-07,0.009794139341787439,0.002722519038729614
site_40,precipitation,2.5398690476190473,2.645502645502689e-05,3.649408212560387,2.666007518968921
site_40,alfalfa,4.445919146825396,0.0008392857142857144,5.42656375805153,1.5466231380999358
site_40,grass,3.263948247354497,0.0005138888888888888,4.352946608293076,1.1545563843880875
site_40,sunshine,179.7923707010582,0.007642857142857162,168.0263430958132,43.34569442600337
site_40,windDirection,186.44165343915338,0.00016369047619046266,50.566568538647346,37.2572298012789
site_40,windSpeed,4.467658234126984,8.002645502645485e-05,1.192885466988728,0.6909172706200994
site_40,palmer_p,4.5219907407407405,-0.0011078042328042325,0.5527626811594202,0.6379696077921801
site_40,palmer_z,4.88673115079365,-0.0004464285714285714,0.9085522342995169,1.1799232957527224
site_41,burn,25.048047288359786,0.003677248677248677,8.269384057971015,7.728154529052444
site_41,dfm1000hr,17.518459325396826,-0.0003133267195767194,2.453762077294686,1.8385681104206035
site_41,dfm100hr,15.810065806878306,-0.0006580687830687865,4.282234299516908,2.298095134465653
site_41,energy_ERC,28.32789351851852,0.002190806878306879,9.440942028985507,7.225626158743827
site_41,maxT,291.3643361441799,-2.099867724866943e-05,26.0985771437198,6.776520301248131
site_41,maxRelH,88.1579527116402,-0.005328869047619056,8.34687198067633,6.3780219829068745
site_41,vaporDeficit,0.7653169312169311,-8.283730158730105e-06,1.120941676731079,0.35831333915669156
site_41,minT,278.7117273478836,7.605820105824467e-05,24.487308776167453,6.264907010279274
site_41,minRelH,42.650460482804235,0.0008187830687830741,10.690700483091785,9.055472552569226
site_41,specificH,0.0070114289517195765,-5.677744708994714e-07,0.009863390876610305,0.002775388257440747
site_41,precipitation,2.4593700396825398,0.000503968253968254,3.527145481078905,2.574352931787178
site_41,alfalfa,4.830229828042328,-1.3062169312170825e-05,5.719749144524959,1.6559828777736016
site_41,grass,3.5023548280423276,-4.794973544973766e-06,4.534768015297907,1.2159950893944123
site_41,sunshine,181.98738673941796,0.006081845238095256,170.97242829106284,43.966887710801444
site_41,windDirection,185.8160499338624,0.001557539682539687,52.90476801529791,36.81319508930511
site_41,windSpeed,4.695071924603174,4.7784391534390015e-05,1.1686558977455714,0.6978844709235232
site_41,palmer_p,4.611797288359789,0.00193452380952381,0.4042874396135265,0.6253985989239301
site_41,palmer_z,4.9520916005291005,0.0006283068783068793,0.8517763687600644,1.1894401501281768
site_42,burn,24.571150793650794,0.0033730158730158758,6.791606280193238,7.502771267915845
site_42,dfm1000hr,17.4932144510582,-0.0007827380952380981,2.5197222222222226,1.823774149692169
site_42,dfm100hr,15.838475363756613,-0.0011097883597883578,4.304885265700483,2.312197376698315
site_42,energy_ERC,28.487179232804234,0.0034573412698412635,10.056702898550725,7.241583522408434
site_42,maxT,291.30402876984124,-6.200396825401337e-05,26.30423158212561,6.845175007181366
site_42,maxRelH,88.46395866402115,-0.007197751322751312,8.352971014492756,6.36425703716816
site_42,vaporDeficit,0.7652957671957671,8.713624338624458e-06,1.102313732890499,0.35852667092459956
site_42,minT,278.5174183201058,0.0005808531746030862,24.467768971417062,6.305169631787645
site_42,minRelH,42.44974421296296,0.0010393518518518484,11.07919685990338,9.246743649462957
site_42,specificH,0.006964221296296296,-5.529431216931205e-07,0.009903592970008052,0.0027801335638850443
site_42,precipitation,2.3552875330687835,0.0003042328042328042,3.497368156199678,2.3837707319273194
site_42,alfalfa,4.695351521164021,2.926587301587389e-05,5.603334339774557,1.6231860024760945
site_42,grass,3.4266881613756612,1.8683862433862183e-05,4.481120923913044,1.2010653701520195
site_42,sunshine,181.82385846560848,0.005905588624338588,169.38624119363928,43.62331555685097
site_42,windDirection,183.97742063492063,0.0035664682539682246,57.59527979066022,37.84248285224833
site_42,windSpeed,4.357371362433862,5.853174603174672e-05,1.011999043880837,0.6678519988482393
site_42,palmer_p,4.494179894179894,0.0011160714285714285,0.34395128824476673,0.5813024674293318
site_42,palmer_z,4.890476190476191,0.0003885582010582015,0.7669082125603863,1.176732712632534
site_43,burn,22.742483465608466,0.0047519841269841314,6.4707729468599045,6.961769289379654
site_43,dfm1000hr,17.89090294312169,-0.0011435185185185133,2.574211453301127,1.8298711212225587
site_43,dfm100hr,16.171106316137568,-0.0014404761904761852,4.422885215378423,2.3138034721123026
site_43,energy_ERC,27.17871197089947,0.004823082010582009,10.240207326892108,7.132723728824459
site_43,maxT,290.66044758597883,0.0006314484126984812,26.70476952495975,6.871101715249879
site_43,maxRelH,89.24759738756613,-0.007549768518518515,7.42300724637681,6.1233840182876165
site_43,vaporDeficit,0.725901736111111,9.092261904761901e-05,1.0769919233091787,0.34445931918085965
site_43,minT,278.137580026455,0.0006506283068783129,24.682727204106282,6.401493095920335
site_43,minRelH,43.64155704365079,-0.00098048941798942,12.891974637681157,9.557917187201353
site_43,specificH,0.006854971858465609,-6.389384920634912e-07,0.009841340126811593,0.0027540687491790705
site_43,precipitation,2.4531412037037037,0.00028290343915343897,3.921171497584541,2.5208541445782995
site_43,alfalfa,4.378618716931216,0.0002681878306878314,5.449606229871176,1.5366176798228453
site_43,grass,3.2419201388888887,0.0001592261904761905,4.404242904589372,1.1570933139743256
site_43,sunshine,180.60590211640206,0.006645833333333346,169.9831383353462,43.95117222087896
site_43,windDirection,181.3985978835979,0.005166997354497347,53.68958081723028,37.57905473870708
site_43,windSpeed,3.9665672949735447,8.432539682539626e-05,0.962727958937198,0.6385643758679173
site_43,palmer_p,4.7555390211640205,0.0005787037037037032,0.4185537439613528,0.5942417885779679
site_43,palmer_z,4.957266865079364,0.00013227513227513285,0.8734903381642513,1.1742433737239502
site_44,burn,26.888086970899465,0.004485780423280428,7.151653079710144,7.812597793850693
site_44,dfm1000hr,16.937573743386242,-0.0011145833333333346,2.4694444444444446,1.7708321839778347
site_44,dfm100hr,15.350250330687828,-0.0011554232804232812,4.147904589371981,2.260981314549935
site_44,energy_ERC,30.607055224867725,0.004472552910052908,9.466847826086958,7.150189486298868
site_44,maxT,291.45440558862435,0.00018816137566145266,26.063711755233506,6.788044828757742
site_44,maxRelH,87.18731861772486,-0.006603174603174603,7.986195652173912,6.4140337520248565
site_44,vaporDeficit,0.8096097718253967,-9.027777777777708e-06,1.199935009057971,0.3728058097238175
site_44,minT,278.35864963624334,2.9761904761877694e-05,24.68705188204507,6.332184355186896
site_44,minRelH,40.20193716931217,0.0004374999999999997,9.761727053140095,8.820928501861232
site_44,specificH,0.00678696261574074,-5.0896164021164e-07,0.00946942527173913,0.0026793285965009935
site_44,precipitation,2.2289282407407405,0.00029646164021164003,3.1948336855877617,2.2241829008127016
site_44,alfalfa,4.965760085978836,-5.32407407407406e-05,5.849019223027375,1.6945582808877144
site_44,grass,3.581733630952381,-4.1501322751322895e-05,4.607918679549114,1.2412988079465368
site_44,sunshine,184.17854613095238,0.002406580687830687,167.04102707326894,42.93643405936026
site_44,windDirection,180.96451058201055,0.008673941798941782,57.90655193236715,37.479929908891805
site_44,windSpeed,4.563014054232804,-4.794973544973766e-06,0.9733237721417068,0.6663044121331616
site_44,palmer_p,4.436102843915344,-0.0002976190476190471,0.3411835748792271,0.6355293325771233
site_44,palmer_z,4.864550264550265,0.00019841269841269876,0.8849637681159419,1.1487247446892412
site_45,burn,26.103166335978838,0.0022106481481481478,6.764457528180355,7.699077180321476
site_45,dfm1000hr,17.274616732804233,-0.0003005952380952396,2.5764190821256046,1.8241429287922952
site_45,dfm100hr,15.659453373015873,-0.0008553240740740709,4.705708534621579,2.342575114413277
site_45,energy_ERC,29.521633597883596,0.002043650793650796,10.236589170692431,7.338617907786874
site_45,maxT,290.8961970899471,0.0003571428571428707,26.339185789049917,6.851370686240716
site_45,maxRelH,87.86443187830686,-0.006477513227513212,8.548876811594202,6.3094443231592185
site_45,vaporDeficit,0.7730256117724866,1.6187169312169224e-05,1.148129856078905,0.3621242195077886
site_45,minT,278.12680109126984,0.00015773809523808712,24.690314764492747,6.362850168236799
site_45,minRelH,41.549587632275134,0.0004875992063492027,11.595018115942029,9.257110178640342
site_45,specificH,0.006730569907407408,-4.5438161375661234e-07,0.009400308675523349,0.002652450327596669
site_45,precipitation,2.2675262896825394,0.0007541335978835974,3.5565957125603864,2.2661185212802573
site_45,alfalfa,4.773022321428571,3.8029100529101188e-06,5.793412842190017,1.6674007293794815
site_45,grass,3.4642471891534394,-3.306878306873537e-07,4.56924240136876,1.227787371407088
site_45,sunshine,183.47943253968253,0.0033419312169312002,168.1144841988728,43.49727822204974
site_45,windDirection,180.58145337301588,0.008273809523809544,60.51314160628019,37.844533747917
site_45,windSpeed,4.45849537037037,1.8187830687828245e-06,0.8645425724637679,0.6473479033765117
site_45,palmer_p,4.570767195767195,0.0002645502645502636,0.283816425120773,0.6336486510158459
site_45,palmer_z,4.904059193121694,0.0008184523809523799,0.8656400966183576,1.1653683905132242
site_46,burn,25.238981481481478,0.003144841269841269,7.39933574879227,7.654410483185021
site_46,dfm1000hr,17.230902612433862,-0.0008503637566137601,2.556400966183575,1.82101436173424
site_46,dfm100hr,15.609241732804232,-0.0009143518518518541,4.303164251207729,2.279383857553047
site_46,energy_ERC,29.477227182539682,0.0033895502645502635,9.631582125603863,7.27244991585372
site_46,maxT,291.48922883597885,0.00028373015873017136,26.208068136070843,6.797825527774904
site_46,maxRelH,87.92321081349205,-0.00523974867724866,8.145984299516911,6.352800917555689
site_46,vaporDeficit,0.7876680555555554,5.0099206349205454e-06,1.1627229267310788,0.36548049449432857
site_46,minT,278.4698707010582,-1.4219576719654015e-05,24.542669082125606,6.266305506553425
site_46,minRelH,41.29386541005291,0.00026140873015872924,10.188490338164252,8.91627330797142
site_46,specificH,0.0069064034887566135,-4.871031746031751e-07,0.009637064990942029,0.0027233530180682045
site_46,precipitation,2.2617782738095236,4.794973544973528e-05,3.4554881239935584,2.3158715645042047
site_46,alfalfa,4.7783498677248675,3.125000000000013e-05,5.676052989130435,1.6362377269582944
site_46,grass,3.47529828042328,9.755291005290944e-06,4.515713063607086,1.2077112966780668
site_46,sunshine,182.143904265873,0.003986276455026495,168.70867954911432,43.36985010926253
site_46,windDirection,183.80602513227512,0.002035383597883585,56.876049214975836,37.31050514732969
site_46,windSpeed,4.357570932539682,3.0753968253967776e-05,1.0314492753623188,0.6633595653607594
site_46,palmer_p,4.4473048941798945,-0.0009259259259259259,0.4565217391304348,0.6209095373889477
site_46,palmer_z,4.8875,-9.093915343915391e-05,0.7182971014492753,1.1032273782144908
