SiteN,Etheostoma_radiosum,Lepomis_megalotis,Lepomis_macrochirus,Lepomis_gulosus,Lepomis_cyanellus,Lepomis_marginatus,Lepomis_humilis,Lepomis_microlophus,Lepomis_spp,Micopterus_punctulatus,Micropterous_salmoides ,Etheostoma_parvipinne,Etheostoma_spectabile,Etheostomas_chlorosoma ,Etheostoma_gracile,Percina_sciera,Percina_phoxoxephala,Percina_caprodes,Fundulus_notatus,Fundulus_olivaceus,Campostoma_spacideum,Campostoma_anomalum,Nototropis_boops,Notropis_stramineus,Notropis_texanus,Notropis_volucellus,Cyprinella_venusta,Cyprinella_lutrensis,Pimephales_vigilax,Pimephales_notatus,Gambusia_affinis,Noturus_eleutherus,Noturus_sp,Ameiurus_natalis,Erimyzon_oblongus,Ictalurus_punctatus,Esox_americanus,Semotilus_atromaculatus,Lepisosteus_oculatus,Labidesthes_sicculus,Notemigonus_crysoleucas,Dorosoma_cepedianum,Cyprinus_carpio,Macrohybopsis_storeriana,Minytrema_melanops,Aplodinotus_grunniens,Phenocobius_mirabalis,Ellasoma_zonatum,Aphredoderus_sayanus,Lyrthrus_umbratilis,Lyrthrus_fumeus,Moxostoma_erythrurum,t_species,t_population
1,0,6,5,1,6,0,0,0,0,0,5,0,0,0,0,2,0,1,8,0,0,1,0,0,0,0,0,0,0,0,6,0,0,0,0,0,0,0,1,1,0,0,0,0,0,0,0,0,0,0,0,0,12,43
2,0,0,0,0,0,0,0,0,0,0,0,0,0,0,1,0,0,0,0,0,0,0,0,0,0,0,0,0,0,0,12,0,0,0,0,0,0,0,0,0,1,0,0,0,0,0,0,0,0,0,0,0,3,14
3,0,24,12,3,15,0,0,0,0,0,0,0,0,0,1,0,0,0,0,0,0,0,0,0,0,0,0,0,21,0,1,0,0,0,0,0,0,0,0,0,0,1,0,0,0,0,0,0,0,0,0,0,8,78
4,0,43,54,3,60,0,0,0,0,0,0,0,0,0,5,3,0,0,27,0,0,36,0,3,0,0,0,39,17,0,12,0,0,0,0,0,0,0,0,0,0,0,1,1,0,0,0,0,0,0,0,0,14,304
5,0,16,16,0,0,0,11,0,0,0,1,0,0,0,0,1,0,0,0,0,0,0,0,6,0,0,9,13,0,0,12,0,0,0,0,1,0,0,0,32,0,0,0,0,1,1,0,0,0,0,0,0,13,120
6,0,0,12,0,10,0,1,0,0,0,0,0,0,0,3,1,0,0,0,0,0,0,0,0,0,0,0,18,43,0,18,0,0,0,0,0,0,0,0,0,0,0,0,0,0,0,0,0,0,0,0,0,8,106
7,0,21,6,0,20,0,2,0,0,0,0,0,0,0,4,2,0,1,19,0,0,17,0,2,0,0,0,2,17,0,44,0,3,0,0,0,0,0,0,0,0,0,0,0,0,0,0,0,0,0,0,0,14,160
8,0,18,19,11,2,0,0,0,0,0,5,0,0,0,0,0,0,0,6,0,0,0,0,0,0,0,0,0,0,0,20,0,0,0,0,0,0,0,0,0,0,0,0,0,0,0,0,0,0,0,0,0,7,81
9,0,30,5,4,0,0,3,0,0,0,0,0,0,0,0,1,0,0,0,0,0,1,0,0,0,0,11,16,26,0,170,0,0,0,0,0,0,0,0,0,0,0,0,0,0,1,0,0,0,0,0,0,11,268
10,0,1,8,1,8,0,1,0,0,0,5,0,0,0,1,0,0,0,13,0,0,0,0,0,0,0,0,0,0,0,94,0,1,1,0,0,0,0,0,0,0,0,0,0,0,0,0,0,0,0,0,0,11,134
11,0,28,14,0,5,0,0,0,0,0,0,0,0,0,0,0,0,0,13,0,0,3,0,0,0,0,0,0,0,0,0,0,0,0,0,0,0,0,0,0,0,0,0,0,0,0,0,0,0,0,0,0,5,63
12,17,3,2,0,2,0,0,0,0,0,1,0,0,0,0,0,0,0,1,0,0,2,0,4,0,0,0,1,0,13,3,0,0,0,0,0,0,0,0,0,0,0,0,0,0,0,0,0,0,0,0,0,11,49
13,32,0,0,3,3,0,0,0,0,0,0,0,0,0,0,0,0,0,0,0,0,24,0,13,0,0,0,2,0,0,2,0,1,0,0,0,0,0,0,0,0,0,0,0,0,0,0,0,0,0,0,0,8,80
14,0,22,0,21,2,0,0,0,0,0,0,0,0,0,0,1,0,0,14,0,0,0,0,5,0,0,0,2,0,6,23,0,0,0,0,0,0,0,0,0,0,0,0,0,0,0,0,0,0,0,0,0,9,96
15,0,17,0,0,5,0,0,0,16,0,0,0,0,0,0,0,0,0,9,0,0,0,0,0,0,0,0,0,0,0,0,0,1,0,0,0,0,0,0,0,0,0,0,0,0,0,0,0,0,0,0,0,5,48
16,0,0,0,0,0,0,0,0,2,0,0,0,0,0,0,0,0,0,1,0,0,53,0,0,0,0,0,31,0,0,6,0,0,1,0,0,0,0,0,0,0,0,0,0,0,0,0,0,0,0,0,0,6,94
17,0,0,0,0,0,0,0,0,0,0,0,0,0,0,0,0,0,0,0,0,0,0,0,0,0,0,0,0,1,0,4,0,0,1,0,0,0,0,0,0,0,0,0,0,0,0,0,0,0,0,0,0,3,6
18,0,0,0,5,0,0,0,0,0,0,0,0,0,0,0,0,0,0,0,0,0,0,0,0,0,0,0,0,0,0,30,0,0,0,0,0,0,0,1,0,0,0,0,0,0,0,0,0,0,0,0,0,3,36
19,5,31,5,5,6,0,7,0,13,0,1,0,0,0,0,15,3,1,0,0,0,0,0,0,3,0,0,55,16,0,3,0,3,0,0,0,0,0,0,0,0,0,0,0,0,0,0,0,0,0,0,0,16,172
20,0,13,0,0,40,0,0,0,0,0,0,0,0,0,0,0,0,0,0,0,0,54,0,0,0,0,0,0,0,0,0,0,0,2,0,0,0,0,0,0,0,0,0,0,0,0,0,0,0,0,0,0,4,109
21,0,6,0,0,0,0,6,0,0,0,0,0,0,0,0,0,0,0,9,0,0,17,0,22,31,0,0,60,12,1,2,0,0,0,0,0,0,0,0,0,0,0,0,0,0,0,1,0,0,0,0,0,11,167
22,19,27,13,0,30,0,16,0,0,0,0,0,0,0,0,0,0,0,0,0,0,0,0,0,0,0,8,0,0,0,2,0,0,2,0,0,0,0,0,0,0,0,0,0,0,0,0,0,0,0,0,0,8,117
23,75,1,0,0,8,0,1,0,0,0,0,0,0,0,0,0,0,0,3,0,0,0,0,0,0,0,0,0,0,0,1,0,0,0,0,0,0,0,0,0,0,0,0,0,0,0,0,0,0,0,0,0,6,89
24,0,0,0,16,0,7,0,0,13,0,0,0,0,4,3,0,0,0,19,0,0,0,0,0,0,0,0,0,0,0,4,0,0,0,0,0,1,0,0,4,5,0,0,0,1,0,0,1,0,0,0,0,12,78
25,0,0,4,1,1,12,0,5,0,0,1,0,0,0,1,3,0,0,43,0,0,0,0,0,0,0,0,0,0,0,23,0,0,0,0,0,0,0,0,19,0,0,0,0,1,0,0,0,3,1,0,0,14,118
26,0,0,8,0,0,5,0,2,0,0,1,0,0,0,0,0,0,0,0,0,0,0,0,0,0,0,0,0,0,0,166,0,0,0,0,0,1,0,0,0,0,0,0,0,0,0,0,0,3,0,0,0,7,186
27,0,8,0,0,0,0,0,0,0,0,0,0,0,0,1,0,0,0,7,0,0,0,0,0,0,0,0,0,0,0,92,0,0,1,0,0,0,0,0,0,0,0,0,0,0,0,0,1,2,0,0,0,7,112
28,0,16,6,1,0,0,0,1,0,0,1,0,0,0,0,0,0,0,2,0,0,0,0,0,0,0,0,0,1,0,63,0,0,0,0,0,0,0,0,0,1,0,0,0,0,0,0,0,0,0,0,0,9,92
29,0,7,0,0,1,0,0,0,0,0,0,0,0,0,0,4,0,0,1,0,0,0,0,0,1,0,0,157,119,0,55,0,1,0,0,0,0,0,0,0,0,0,0,0,0,0,0,0,0,0,7,0,10,353
30,0,20,0,0,22,0,0,0,0,0,0,3,0,0,0,0,0,0,3,0,0,0,0,0,0,0,0,0,0,0,0,0,0,0,0,0,0,0,0,0,0,0,0,0,6,0,0,0,0,0,1,2,7,57
31,0,16,4,0,4,0,0,0,0,0,3,0,0,0,0,0,0,2,8,0,0,0,0,0,0,0,0,2,80,0,22,0,3,0,0,0,0,0,0,0,0,0,0,0,0,0,0,0,0,0,12,0,11,156
32,0,9,0,0,2,0,0,0,0,0,2,0,0,0,0,0,0,0,13,0,0,17,0,51,0,0,0,25,19,0,2,0,1,0,0,0,0,0,0,0,0,0,0,0,0,0,0,0,0,0,0,0,10,141
33,0,10,0,0,5,0,0,0,0,1,1,0,0,0,0,0,0,0,11,0,0,25,0,24,0,0,0,47,12,0,51,0,0,2,0,0,0,0,0,0,0,0,0,0,0,0,0,0,0,0,5,0,12,194
34,0,14,0,0,10,0,0,0,0,0,0,0,0,0,0,0,0,0,0,0,0,0,0,0,0,0,0,0,0,0,133,0,0,1,0,0,0,0,0,0,0,0,0,0,0,0,0,0,0,0,0,0,4,158
35,0,2,0,1,1,0,0,0,0,0,1,0,32,0,0,0,0,0,2,0,13,0,0,0,0,0,0,0,0,13,4,0,0,0,0,0,0,0,0,0,0,0,0,0,0,0,0,0,0,0,0,0,9,69
36,0,3,0,5,2,0,0,0,0,0,0,0,37,0,0,0,0,0,0,0,3,0,0,0,0,0,0,0,0,20,0,0,0,0,0,0,0,0,0,0,0,0,0,0,0,0,0,0,0,0,0,0,6,70
37,32,11,0,7,0,0,0,0,0,0,0,0,0,0,0,0,0,0,5,0,0,0,0,0,0,0,17,0,0,0,11,0,0,0,0,0,0,0,0,0,0,0,0,0,0,0,0,0,0,0,0,0,6,83
38,29,0,0,0,0,0,0,0,15,0,0,0,2,0,0,0,0,0,0,0,31,0,3,2,0,0,0,0,0,0,1,0,0,0,0,0,0,0,0,0,0,0,0,0,0,0,0,0,0,0,0,0,7,83
39,87,1,0,11,5,0,0,0,37,0,0,0,16,0,3,0,0,0,0,1,0,0,5,0,0,0,0,0,0,0,2,1,0,1,5,0,1,0,0,0,0,0,0,0,0,0,0,0,0,0,0,0,14,176
40,29,4,0,0,0,0,0,0,7,0,0,0,47,0,0,0,0,0,0,0,8,0,12,0,0,0,0,0,0,0,1,0,0,0,5,0,0,1,0,0,0,0,0,0,0,0,0,0,0,0,0,0,9,114
41,19,1,0,0,13,0,0,0,8,0,0,0,0,0,0,0,0,0,0,5,13,0,1,0,0,0,0,1,0,0,0,0,0,0,6,0,0,0,0,0,0,0,0,0,0,0,0,0,0,0,0,0,9,67
42,24,0,0,0,2,0,0,0,0,0,0,0,0,0,0,0,0,0,0,0,38,0,0,0,0,0,0,1,0,0,0,0,0,0,0,0,0,0,0,0,0,0,0,0,0,0,0,0,0,0,0,0,4,65
43,105,0,3,0,10,0,0,0,3,0,2,0,46,0,2,0,0,0,0,3,57,0,0,0,0,0,0,0,0,0,27,0,2,0,0,0,0,0,0,0,0,0,0,0,0,0,0,0,0,0,0,0,11,260
44,5,1,0,2,1,0,0,0,0,0,0,0,10,0,5,6,0,0,0,0,0,1,0,0,0,0,8,0,0,0,11,0,29,0,0,1,0,0,0,0,0,0,0,0,0,0,0,0,0,0,0,0,12,80
45,28,5,2,0,26,0,0,0,0,0,1,0,0,0,0,0,0,0,0,0,0,4,6,0,0,0,0,0,0,1,57,0,0,0,0,0,0,0,0,0,0,0,0,0,0,0,0,0,0,0,0,0,9,130
46,44,0,0,3,15,0,0,0,8,0,0,0,0,0,0,0,0,0,0,1,0,6,0,0,0,0,0,0,0,1,0,0,0,0,0,0,0,0,0,0,0,0,0,0,0,0,0,0,0,0,0,0,7,78
