SiteN,State,Lat,Long,DO,pH,avg_WW,avg_Depth,pflow_Pool,pflow_Run,pflow_Riffle,pbottom_Mud,pbottom_Sand,pbottom_SmGravel,pbottom_LgGravel,pbottom_Cobble,pbottom_Boulder,pbottom_Bedrock,pfloat_macrophytes ,pfloat_wood ,upstreamCumDA_km2,slopePercent,avgMonthFlow_cfs,CV_flow,maxMonthFlow_cfs,minMonthFlow_cfs,Ameiurus,Aphredoderus,Aplodinotus,Campostoma,Cyprinella,Cyprinus,Dorosoma,Ellasoma,Erimyzon,Esox,Etheostoma,Fundulus,Gambusia,Ictalurus,Labidesthes,Lepisosteus,Lepomis,Lythrus,Macrohybopsis,Micropterus,Minytrema,Moxostoma,Nototropis,Notemigonus,Notropis,Noturus,Percina,Phenocobius,Pimephales,Semotilus,t_population,t_species,burn_mean,burn_median,burn_sd,burn_min,burn_max,burn_range,burn_cv,burn_trend,dfm1000hr_mean,dfm1000hr_median,dfm1000hr_sd,dfm1000hr_min,dfm1000hr_max,dfm1000hr_range,dfm1000hr_cv,dfm1000hr_trend,dfm100hr_mean,dfm100hr_median,dfm100hr_sd,dfm100hr_min,dfm100hr_max,dfm100hr_range,dfm100hr_cv,dfm100hr_trend,energy_ERC_mean,energy_ERC_median,energy_ERC_sd,energy_ERC_min,energy_ERC_max,energy_ERC_range,energy_ERC_cv,energy_ERC_trend,maxT_mean,maxT_median,maxT_sd,maxT_min,maxT_max,maxT_range,maxT_cv,maxT_trend,maxRelH_mean,maxRelH_median,maxRelH_sd,maxRelH_min,maxRelH_max,maxRelH_range,maxRelH_cv,maxRelH_trend,vaporDeficit_mean,vaporDeficit_median,vaporDeficit_sd,vaporDeficit_min,vaporDeficit_max,vaporDeficit_range,vaporDeficit_cv,vaporDeficit_trend,minT_mean,minT_median,minT_sd,minT_min,minT_max,minT_range,minT_cv,minT_trend,minRelH_mean,minRelH_median,minRelH_sd,minRelH_min,minRelH_max,minRelH_range,minRelH_cv,minRelH_trend,specificH_mean,specificH_median,specificH_sd,specificH_min,specificH_max,specificH_range,specificH_cv,specificH_trend,precipitation_mean,precipitation_median,precipitation_sd,precipitation_min,precipitation_max,precipitation_range,precipitation_cv,precipitation_trend,alfalfa_mean,alfalfa_median,alfalfa_sd,alfalfa_min,alfalfa_max,alfalfa_range,alfalfa_cv,alfalfa_trend,grass_mean,grass_median,grass_sd,grass_min,grass_max,grass_range,grass_cv,grass_trend,sunshine_mean,sunshine_median,sunshine_sd,sunshine_min,sunshine_max,sunshine_range,sunshine_cv,sunshine_trend,windDirection_mean,windDirection_median,windDirection_sd,windDirection_min,windDirection_max,windDirection_range,windDirection_cv,windDirection_trend,windSpeed_mean,windSpeed_median,windSpeed_sd,windSpeed_min,windSpeed_max,windSpeed_range,windSpeed_cv,windSpeed_trend,palmer_p_mean,palmer_p_median,palmer_p_sd,palmer_p_min,palmer_p_max,palmer_p_range,palmer_p_cv,palmer_p_trend,palmer_z_mean,palmer_z_median,palmer_z_sd,palmer_z_min,palmer_z_max,palmer_z_range,palmer_z_cv,palmer_z_trend
1,TX,33.741217,-95.927376,10.7,6.99,5.76666,23.75,0,83.33333333,16.66667,48.3,0,9.2,12.5,8.3,7.5,14.2,83.33333333,16.66666667,32.779,0.39,10.38833333,0.692725676,21.57,2.64,0,0,0,1,0,0,0,0,0,0,0,8,6,0,1,1,18,0,0,5,0,0,0,0,0,0,3,0,0,0,43,8,24.77294521,24.4,8.686572381,5.7,57.2,51.5,0.350647543,0.004728417,17.45229452,17.505,2.445078387,8.39,25,16.61,0.140100683,-0.00114411,15.80244292,15.69,2.985620212,5.94,26.3,20.36,0.188934092,-0.001141546,28.70844749,28.1,9.427376672,2.8,73.6,70.8,0.328383368,0.004584242,290.498516,291.895,11.2130288,259.27,314.78,55.51,0.038599264,0.000585825,88.12100457,89.31,7.591531836,52.65,100,47.35,0.086148948,-0.006229624,0.74397032,0.7025,0.508972545,0.04,3.954,3.914,0.684130175,7.44E-05,278.023105,278.405,10.59228144,250.95,297.26,46.31,0.038098565,0.000577775,42.49969178,41.225,11.11352827,13.65,79.16,65.51,0.261496679,-0.000179348,0.0066702,0.005364,0.004253661,0.000769,0.017777,0.017008,0.637711237,-6.06E-08,2.330319635,1.385,2.624349171,0,13.71,13.71,1.126175625,0.000521101,4.595993151,4.705,2.520257433,0.35,15.55,15.2,0.548359702,0.000297343,3.354942922,3.385,1.955479626,0.25,10.73,10.48,0.582865244,0.000182083,180.7749087,184.89,76.04317363,60.79,319.24,258.45,0.420651152,0.003661416,184.2808219,184.4,42.85948633,50.5,320.2,269.7,0.23257703,-0.012559898,4.342842466,4.32,0.747223034,2.49,6.64,4.15,0.172058517,0.00022029,4.40239726,4,2.350897275,0,10,10,0.534003893,0.002231933,4.847031963,5,1.421259925,0,10,10,0.293222726,0.000447675
2,TX,33.717896,-95.911323,4.2,7.22,2.94,27,60,20,20,77,19,4,0,0,0,0,60,40,12.236,0.4,3.88,0.699499402,8.09,0.99,0,0,0,0,0,0,0,0,0,0,1,0,12,0,0,0,0,0,0,0,0,0,0,1,0,0,0,0,0,0,14,3,24.67363014,24.25,8.591868624,4.3,57.3,53,0.348220695,0.003963813,17.46744292,17.54,2.421771888,8.33,24.9,16.57,0.138644901,-0.001163296,15.82089041,15.705,2.975316012,5.91,26.26,20.35,0.188062488,-0.001174242,28.62465753,28.2,9.361782762,2.3,73.9,71.6,0.327053092,0.004395597,290.5338242,292.045,11.22627309,259.28,314.94,55.66,0.038640159,0.000572399,88.2318379,89.355,7.53011888,52.59,100,47.41,0.08534469,-0.006370796,0.747052511,0.7005,0.513061722,0.042,3.987,3.945,0.686781336,7.37E-05,278.0573858,278.495,10.57325129,250.9,297.32,46.42,0.038025429,0.000629279,42.50800228,41.35,11.09444456,13.57,79.43,65.86,0.260996611,-0.00017087,0.006664968,0.0054055,0.004228709,0.00077,0.017691,0.016921,0.634467945,-6.26E-08,2.331347032,1.395,2.642511866,0,14.7,14.7,1.133469977,0.000590033,4.60803653,4.725,2.535556603,0.37,15.62,15.25,0.550246637,0.00030289,3.360468037,3.39,1.963552864,0.25,10.76,10.51,0.584309341,0.000186166,180.6018493,185.125,75.9558055,60.63,319.04,258.41,0.420570475,0.003585175,185.1710046,184.8,42.66208153,49.6,320.6,271,0.230392883,-0.011333683,4.35359589,4.33,0.749231244,2.47,6.67,4.2,0.172094807,0.000222643,4.497146119,4,2.439506197,0,10,10,0.542456512,0.002627026,4.874429224,5,1.421334192,0,10,10,0.291589872,0.000607354
3,TX,33.747466,-96.019146,7.4,7.58,11.21666,46.33333,66.66666667,33.33333,0,58.3,41.7,0,0,0,0,0,83.33333333,100,82.772,0.06,25.1325,0.667961376,51.49,6.68,0,0,0,0,0,0,1,0,0,0,1,0,1,0,0,0,54,0,0,0,0,0,0,0,0,0,0,0,21,0,78,5,25.54246575,25.2,8.994322174,3,59.1,56.1,0.352132103,0.003848334,17.44047945,17.465,2.436802306,8.15,24.7,16.55,0.139721062,-0.001056061,15.81422374,15.74,2.977646203,5.79,25.99,20.2,0.188289116,-0.00107485,28.75582192,28.3,9.418294419,2.5,74.8,72.3,0.327526525,0.004082022,290.6502511,292.03,11.27649216,259.48,314.97,55.49,0.038797462,0.000693577,88.50353881,89.575,7.480797993,52.02,100,47.98,0.084525411,-0.005705763,0.757672374,0.7075,0.52204757,0.038,4.028,3.99,0.68901492,7.13E-05,277.8547146,278.175,10.63970167,250.81,297.16,46.35,0.03829232,0.000493469,41.68891553,40.48,10.79409002,13.15,78.71,65.56,0.258919904,-0.00042117,0.006662856,0.005359,0.004248253,0.000763,0.017571,0.016808,0.637602379,-2.68E-08,2.264726027,1.365,2.565807134,0,14.31,14.31,1.132943722,0.000499051,4.773835616,4.855,2.616659638,0.34,16.15,15.81,0.548125208,0.000317118,3.452614155,3.5,2.006111471,0.25,11.07,10.82,0.581041316,0.000195875,181.2160731,184.93,76.04544814,61.41,319.38,257.97,0.419639643,0.003643654,185.7261416,185.5,42.77001189,51.5,320.8,269.3,0.230285363,-0.01087593,4.661598174,4.645,0.782574899,2.66,7.09,4.43,0.167876953,0.000236317,4.452054795,4,2.306429939,0,10,10,0.518059648,0.002052041,4.869292237,5,1.412914974,0,10,10,0.290168448,0.000452517
4,TX,33.554952,-96.169601,7.7,7.86,10.51666,18.41666,0,66.66667,33.33333,20,13.3,35,22.5,9.2,0,0,50,83.333333,357.967,0.11,99.75583333,0.680473828,209.81,24.78,0,0,0,36,39,1,0,0,0,0,5,27,12,0,0,0,160,0,1,0,0,0,0,0,3,0,3,0,17,0,304,11,26.31883562,26.3,9.289093571,2.7,62.3,59.6,0.352944701,0.004265855,17.2814726,17.345,2.424795289,7.89,24.46,16.57,0.140311844,-0.001197719,15.66533105,15.585,2.974323607,5.78,26.25,20.47,0.18986663,-0.001197146,29.31598174,28.8,9.569216499,2.4,73.7,71.3,0.326416375,0.004608611,290.3202854,291.62,11.2886881,259.35,314.91,55.56,0.038883566,0.000720876,87.70189498,88.885,7.465140055,51.46,100,48.54,0.085119484,-0.006019485,0.747035388,0.698,0.519066934,0.041,4.029,3.988,0.694835803,8.44E-05,277.9856621,278.345,10.69257285,250.76,297.48,46.72,0.038464476,0.000581515,42.28187215,40.97,10.98350725,12.98,78.87,65.89,0.259768707,-0.000770843,0.006621417,0.005383,0.004208434,0.000759,0.017393,0.016634,0.635579093,-7.65E-08,2.280833333,1.35,2.590390014,0,13.31,13.31,1.135720868,0.000503395,4.739611872,4.83,2.6330752,0.36,16.05,15.69,0.555546587,0.000370455,3.427819635,3.385,2.016353442,0.25,11.02,10.77,0.588232071,0.000224437,180.6286187,185.1,76.15891965,59.29,321.27,261.98,0.42163263,0.003474415,187.3672374,186.85,43.0730614,50.6,322.2,271.6,0.229885769,-0.008996392,4.697773973,4.68,0.773747448,2.62,7.22,4.6,0.164705125,0.000251372,4.563356164,4,2.49456801,0,10,10,0.546652052,0.002640129,4.886415525,5,1.44513368,0,10,10,0.295745147,0.000594408
5,TX,33.823594,-95.861067,6.8,7.42,22,39.66666,100,0,0,95,0,1.7,0,1.7,1.7,0,100,100,1093.994,0.01,326.1491667,0.681051439,678.26,84.03,0,0,1,0,22,0,0,0,0,0,0,0,12,1,32,0,43,0,0,1,1,0,0,0,6,0,1,0,0,0,120,10,24.67785388,24.3,8.547560359,5.5,55.3,49.8,0.346365628,0.005623173,17.34288813,17.32,2.443631503,8.6,24.99,16.39,0.140901071,-0.000934033,15.69328767,15.61,2.986028947,6.02,26.42,20.4,0.190274276,-0.000906749,29.04874429,28.45,9.437510689,2.8,72.5,69.7,0.324885324,0.004240343,290.6371689,292.025,11.14502938,259.31,314.83,55.52,0.038346883,0.000508393,87.64810502,88.88,7.685037028,53.17,100,46.83,0.087680584,-0.005327672,0.752826484,0.715,0.509974853,0.036,3.96,3.924,0.67741354,6.34E-05,278.2170662,278.78,10.4646738,251.24,297.03,45.79,0.037613342,0.000377084,42.61781963,41.285,11.34278192,13.48,80.29,66.81,0.266151155,0.000100819,0.006690033,0.0053565,0.004244596,0.000781,0.017764,0.016983,0.634465619,-6.41E-08,2.279726027,1.355,2.589696376,0,13.77,13.77,1.135968246,0.00033748,4.594771689,4.72,2.5025759,0.35,15.43,15.08,0.544657291,0.000253653,3.359543379,3.395,1.947850653,0.26,10.67,10.41,0.57979625,0.00015626,181.1150799,185.16,76.10968055,61.49,319.68,258.19,0.420228291,0.003787512,184.2808219,184.4,42.85948633,50.5,320.2,269.7,0.23257703,-0.012559898,4.240445205,4.21,0.732319863,2.38,6.45,4.07,0.172698815,0.000211807,4.274543379,4,2.279730597,0,10,10,0.533327281,0.001643313,4.812785388,5,1.399729591,0,10,10,0.290835655,0.000307167
6,TX,33.603081,-96.139938,4.4,7.14,9.21666,27.33333,0,83.333333,16.66667,90,10,0,0,0,0,0,33.33333333,100,394.237,0.09,110.365,0.680785408,232.1,27.61,0,0,0,0,18,0,0,0,0,0,3,0,18,0,0,0,23,0,0,0,0,0,0,0,0,0,1,0,43,0,106,6,25.94931507,25.7,9.156000203,5.2,61.9,56.7,0.352841691,0.003930248,17.36068493,17.415,2.438589492,8.08,24.68,16.6,0.140466203,-0.001058909,15.71635845,15.65,2.992202516,5.87,26.35,20.48,0.190387775,-0.001078237,29.01849315,28.6,9.496168442,2.1,73.2,71.1,0.327245402,0.004123017,290.3008562,291.66,11.21994923,259.35,314.77,55.42,0.038649384,0.000652569,87.80388128,88.91,7.499324795,51.55,100,48.45,0.085409946,-0.005607346,0.741716895,0.693,0.512959561,0.042,3.992,3.95,0.691584032,7.56E-05,277.9579909,278.31,10.72602142,250.86,297.43,46.57,0.038588642,0.00048056,42.30203196,41.05,10.91004103,13.24,78.25,65.01,0.257908203,-0.000558138,0.006626997,0.0053885,0.00421363,0.000762,0.017418,0.016656,0.63582793,-6.64E-08,2.347385845,1.4,2.704750538,0,14.88,14.88,1.152239434,0.000572018,4.729006849,4.81,2.616945577,0.36,16.01,15.65,0.553381642,0.000330571,3.422671233,3.375,2.004774367,0.25,10.99,10.74,0.585733841,0.000203212,180.7706849,185.345,76.1162472,59.81,320.21,260.4,0.421065214,0.003460095,187.3672374,186.85,43.0730614,50.6,322.2,271.6,0.229885769,-0.008996392,4.717089041,4.705,0.780523093,2.65,7.24,4.59,0.16546711,0.000250595,4.514269406,4,2.572592556,0,10,10,0.569880156,0.002648501,4.875570776,5,1.454185117,0,10,10,0.298259462,0.000611076
7,TX,33.540313,-96.179298,8.1,8.02,11.65,27.08333,0,50,50,36.7,4.2,36.7,19.2,3.3,0,0,50,33.33333333,283.634,0.01,78.34916667,0.679983535,164.73,19.13,0,0,0,17,2,0,0,0,0,0,4,19,44,0,0,0,49,0,0,0,0,0,0,0,2,3,3,0,17,0,160,10,26.31883562,26.3,9.289093571,2.7,62.3,59.6,0.352944701,0.004265855,17.2814726,17.345,2.424795289,7.89,24.46,16.57,0.140311844,-0.001197719,15.66533105,15.585,2.974323607,5.78,26.25,20.47,0.18986663,-0.001197146,29.31598174,28.8,9.569216499,2.4,73.7,71.3,0.326416375,0.004608611,290.3202854,291.62,11.2886881,259.35,314.91,55.56,0.038883566,0.000720876,87.70189498,88.885,7.465140055,51.46,100,48.54,0.085119484,-0.006019485,0.747035388,0.698,0.519066934,0.041,4.029,3.988,0.694835803,8.44E-05,277.9856621,278.345,10.69257285,250.76,297.48,46.72,0.038464476,0.000581515,42.28187215,40.97,10.98350725,12.98,78.87,65.89,0.259768707,-0.000770843,0.006621417,0.005383,0.004208434,0.000759,0.017393,0.016634,0.635579093,-7.65E-08,2.280833333,1.35,2.590390014,0,13.31,13.31,1.135720868,0.000503395,4.739611872,4.83,2.6330752,0.36,16.05,15.69,0.555546587,0.000370455,3.427819635,3.385,2.016353442,0.25,11.02,10.77,0.588232071,0.000224437,180.6286187,185.1,76.15891965,59.29,321.27,261.98,0.42163263,0.003474415,187.3672374,186.85,43.0730614,50.6,322.2,271.6,0.229885769,-0.008996392,4.697773973,4.68,0.773747448,2.62,7.22,4.6,0.164705125,0.000251372,4.563356164,4,2.49456801,0,10,10,0.546652052,0.002640129,4.886415525,5,1.44513368,0,10,10,0.295745147,0.000594408
8,TX,33.722903,-95.987208,6.1,7.52,4.54166,57.58333,33.33333333,66.66666667,0,45,55,0,0,0,0,0,100,66.66666667,8.078,0.23,2.491666667,0.681090311,5.15,0.65,0,0,0,0,0,0,0,0,0,0,0,6,20,0,0,0,50,0,0,5,0,0,0,0,0,0,0,0,0,0,81,4,25.21997717,24.9,8.925663348,5.4,59,53.6,0.353912428,0.003771542,17.4311758,17.485,2.447359561,8.18,24.84,16.66,0.14040129,-0.00117389,15.79734018,15.7,2.988744697,5.82,26.2,20.38,0.189192906,-0.001173717,28.74908676,28.2,9.453560446,2.4,74.7,72.3,0.328829939,0.004373979,290.6168379,292.065,11.25610801,259.46,314.95,55.49,0.038731782,0.000685801,88.3509589,89.37,7.516775379,52.07,100,47.93,0.085078594,-0.005959197,0.752883562,0.7075,0.518593541,0.041,4.019,3.978,0.688809754,7.73E-05,277.9734132,278.36,10.63492833,250.79,297.32,46.53,0.038258797,0.000558805,42.00538813,40.79,10.90501072,13.23,79.16,65.93,0.259609807,-0.000458387,0.00667654,0.0054205,0.00424502,0.000767,0.017629,0.016862,0.635811437,-4.54E-08,2.297317352,1.39,2.622231046,0,15.63,15.63,1.141431785,0.000549692,4.718127854,4.81,2.592355404,0.37,15.98,15.61,0.549445773,0.000330377,3.420593607,3.46,1.99306248,0.25,10.98,10.73,0.582665674,0.00020291,180.9749429,185.145,76.03318602,61.05,319.19,258.14,0.420131013,0.003605156,186.6908676,186.9,42.85534934,50.2,321.1,270.9,0.229552468,-0.010759371,4.571347032,4.565,0.772635597,2.6,7.01,4.41,0.169017052,0.000233956,4.482876712,4,2.421305535,0,10,10,0.54012316,0.002419786,4.872716895,5,1.443793967,0,10,10,0.296301632,0.000527162
9,TX,33.744233,-95.960811,12.1,7.98,6.2,30.75,50,33.33333,16.66667,92.5,3.8,2,0,0,1.7,0,83.333333,0,968.129,0.02,286.4575,0.680706024,596.12,73.88,0,0,1,1,27,0,0,0,0,0,0,0,170,0,0,0,42,0,0,0,0,0,0,0,0,0,1,0,26,0,268,7,24.95262557,24.65,8.738755591,5.4,57.7,52.3,0.350213871,0.004218024,17.44966895,17.5,2.445211237,8.3,24.97,16.67,0.140129377,-0.001115786,15.80305936,15.715,2.982651972,5.88,26.27,20.39,0.188738896,-0.001126245,28.70490868,28.2,9.428083286,2.7,73.9,71.2,0.328448468,0.004412301,290.5179452,291.93,11.21839072,259.38,314.79,55.41,0.038615139,0.000605591,88.20537671,89.26,7.552926795,52.37,100,47.63,0.085628871,-0.006083855,0.746850457,0.7035,0.511706534,0.04,3.97,3.93,0.685152602,7.38E-05,277.9699543,278.315,10.62081331,250.85,297.24,46.39,0.038208494,0.000552413,42.2751484,41.035,10.9994435,13.51,78.53,65.02,0.260186987,-0.000208134,0.006662239,0.0053635,0.004251885,0.00077,0.017694,0.016924,0.638206728,-4.99E-08,2.312945205,1.395,2.608172133,0,14.3,14.3,1.127641125,0.00053247,4.650034247,4.755,2.546210072,0.35,15.73,15.38,0.547568026,0.000301415,3.383869863,3.42,1.969152804,0.25,10.85,10.6,0.581923325,0.000189632,180.9226027,184.84,76.04565054,61,319.29,258.29,0.420321449,0.003656501,184.2808219,184.4,42.85948633,50.5,320.2,269.7,0.23257703,-0.012559898,4.449303653,4.43,0.75838605,2.57,6.79,4.22,0.170450504,0.000224088,4.410958904,4,2.322230956,0,10,10,0.526468509,0.00218763,4.853310502,5,1.427430395,0,10,10,0.294114789,0.000507142
10,TX,33.733841,-95.968054,6.8,7.44,2.61666,16.833333,0,66.66667,33.33333,84.6,0,7.1,0.8,5.8,1.7,0,100,16.666667,103.079,0.99,28.92833333,0.662733565,64.44,8.31,1,0,0,0,0,0,0,0,0,0,1,13,94,0,0,0,19,0,0,5,0,0,0,0,0,1,0,0,0,0,134,7,24.95262557,24.65,8.738755591,5.4,57.7,52.3,0.350213871,0.004218024,17.44966895,17.5,2.445211237,8.3,24.97,16.67,0.140129377,-0.001115786,15.80305936,15.715,2.982651972,5.88,26.27,20.39,0.188738896,-0.001126245,28.70490868,28.2,9.428083286,2.7,73.9,71.2,0.328448468,0.004412301,290.5179452,291.93,11.21839072,259.38,314.79,55.41,0.038615139,0.000605591,88.20537671,89.26,7.552926795,52.37,100,47.63,0.085628871,-0.006083855,0.746850457,0.7035,0.511706534,0.04,3.97,3.93,0.685152602,7.38E-05,277.9699543,278.315,10.62081331,250.85,297.24,46.39,0.038208494,0.000552413,42.2751484,41.035,10.9994435,13.51,78.53,65.02,0.260186987,-0.000208134,0.006662239,0.0053635,0.004251885,0.00077,0.017694,0.016924,0.638206728,-4.99E-08,2.312945205,1.395,2.608172133,0,14.3,14.3,1.127641125,0.00053247,4.650034247,4.755,2.546210072,0.35,15.73,15.38,0.547568026,0.000301415,3.383869863,3.42,1.969152804,0.25,10.85,10.6,0.581923325,0.000189632,180.9226027,184.84,76.04565054,61,319.29,258.29,0.420321449,0.003656501,184.2808219,184.4,42.85948633,50.5,320.2,269.7,0.23257703,-0.012559898,4.449303653,4.43,0.75838605,2.57,6.79,4.22,0.170450504,0.000224088,4.410958904,4,2.322230956,0,10,10,0.526468509,0.00218763,4.853310502,5,1.427430395,0,10,10,0.294114789,0.000507142
11,TX,33.807445,-96.563396,13.1,7.27,3.57,21.75,33.333333,33.333333,33.33333,1.7,0,15.8,20,27.5,35,0,0,0,6.5,1.02,1.586666667,0.661032189,3.42,0.47,0,0,0,3,0,0,0,0,0,0,0,13,0,0,0,0,47,0,0,0,0,0,0,0,0,0,0,0,0,0,63,3,26.04634703,25.3,9.002441216,2.5,59.1,56.6,0.345631624,0.004744557,17.17396119,17.25,2.374480129,8.28,23.85,15.57,0.138260481,-0.000991234,15.61570776,15.455,2.965284462,5.66,25.56,19.9,0.189891134,-0.000909404,29.71187215,29,9.517816538,4.1,74.8,70.7,0.320337153,0.004043795,290.6619635,291.96,11.17528007,258.12,314.71,56.59,0.038447687,0.000340862,87.78597032,88.945,7.348011929,52.93,100,47.07,0.083703716,-0.005693661,0.76309589,0.688,0.52875572,0.032,3.976,3.944,0.69290862,4.68E-05,278.123847,278.24,10.61189654,250.09,297.44,47.35,0.038155292,0.000508595,41.86228311,40.6,11.14445928,11.57,80.8,69.23,0.266217188,0.001105882,0.006716894,0.005515,0.004207658,0.00078,0.017174,0.016394,0.626429085,1.28E-11,2.199121005,1.26,2.565206967,0,18.84,18.84,1.166469222,0.00028374,4.719075342,4.745,2.624144642,0.3,15.39,15.09,0.556071784,0.000197088,3.428607306,3.375,2.018497424,0.23,10.66,10.43,0.588722255,0.000118889,182.221016,185.23,75.80617111,62.38,318.34,255.96,0.416012229,0.002302448,184.7989726,183.5,43.39608315,49.5,323.9,274.4,0.234828595,-0.007236955,4.446232877,4.4,0.71471996,2.51,6.69,4.18,0.160747307,0.000233225,4.512557078,4,2.243423131,0,10,10,0.497151192,0.001565406,4.85673516,5,1.415532824,0.5,10,9.5,0.291457693,0.000375265
12,TX,33.791701,-96.567376,9,6.87,5.64166,26.16666,50,16.66667,33.33333,8.8,3.3,18.3,14.2,12.5,9.5,33.3,33.333333,0,39.872,0.62,8.97,0.660724209,19.3,2.68,0,0,0,2,1,0,0,0,0,0,17,1,3,0,0,0,7,0,0,1,0,0,0,0,4,0,0,0,13,0,49,9,26.04634703,25.3,9.002441216,2.5,59.1,56.6,0.345631624,0.004744557,17.17396119,17.25,2.374480129,8.28,23.85,15.57,0.138260481,-0.000991234,15.61570776,15.455,2.965284462,5.66,25.56,19.9,0.189891134,-0.000909404,29.71187215,29,9.517816538,4.1,74.8,70.7,0.320337153,0.004043795,290.6619635,291.96,11.17528007,258.12,314.71,56.59,0.038447687,0.000340862,87.78597032,88.945,7.348011929,52.93,100,47.07,0.083703716,-0.005693661,0.76309589,0.688,0.52875572,0.032,3.976,3.944,0.69290862,4.68E-05,278.123847,278.24,10.61189654,250.09,297.44,47.35,0.038155292,0.000508595,41.86228311,40.6,11.14445928,11.57,80.8,69.23,0.266217188,0.001105882,0.006716894,0.005515,0.004207658,0.00078,0.017174,0.016394,0.626429085,1.28E-11,2.199121005,1.26,2.565206967,0,18.84,18.84,1.166469222,0.00028374,4.719075342,4.745,2.624144642,0.3,15.39,15.09,0.556071784,0.000197088,3.428607306,3.375,2.018497424,0.23,10.66,10.43,0.588722255,0.000118889,182.221016,185.23,75.80617111,62.38,318.34,255.96,0.416012229,0.002302448,184.7989726,183.5,43.39608315,49.5,323.9,274.4,0.234828595,-0.007236955,4.446232877,4.4,0.71471996,2.51,6.69,4.18,0.160747307,0.000233225,4.513127854,4,2.243865058,0,10,10,0.497186238,0.001561501,4.85673516,5,1.415532824,0.5,10,9.5,0.291457693,0.000375265
13,TX,33.791936,-96.530699,18.6,7.71,5.16666,36.25,16.66667,50,33.33333,10,10,26.7,15,23.3,6.7,8.3,0,0,14.119,0.69,3.1775,0.66142686,6.81,0.95,0,0,0,24,2,0,0,0,0,0,32,0,2,0,0,0,6,0,0,0,0,0,0,0,13,1,0,0,0,0,80,7,25.92671233,25.2,9.013456134,2.5,59.4,56.9,0.347651334,0.004791651,17.20067352,17.265,2.385115972,8.34,23.94,15.6,0.138664103,-0.001032736,15.61738584,15.47,2.974134254,5.67,25.67,20,0.190437394,-0.000964357,29.63835616,28.95,9.528234373,4,74.7,70.7,0.321483227,0.0041728,290.6494406,291.96,11.17245414,258.25,314.7,56.45,0.03843962,0.000334613,87.6665411,88.735,7.390079493,52.95,100,47.05,0.084297605,-0.006025269,0.767643836,0.691,0.531388917,0.033,3.985,3.952,0.69223368,4.91E-05,278.1535616,278.27,10.60505512,250.19,297.42,47.23,0.03812662,0.00059531,41.88394977,40.59,11.1267641,11.68,81.18,69.5,0.265656992,0.001053065,0.006693896,0.005499,0.004188218,0.000777,0.017112,0.016335,0.625677111,-4.70E-09,2.225513699,1.27,2.570213392,0,18.22,18.22,1.154885451,0.000277597,4.734646119,4.755,2.630591542,0.3,15.39,15.09,0.55560468,0.000207648,3.437180365,3.38,2.021310421,0.23,10.66,10.43,0.588072259,0.000121674,182.1899772,185.34,75.73385977,62.91,317.89,254.98,0.415686203,0.002283582,184.7989726,183.5,43.39608315,49.5,323.9,274.4,0.234828595,-0.007236955,4.448002283,4.415,0.716072976,2.51,6.7,4.19,0.160987547,0.000235357,4.418378995,4,2.196643896,0,9,9,0.497160587,0.001609307,4.827625571,5,1.40326245,0.5,10,9.5,0.290673423,0.000301624
14,TX,33.636749,-96.435176,6.3,7.88,7.1,27.91666,33.333333,33.333333,33.333333,64.2,1.7,19.2,12.5,2.5,0,0,83.333333,16.66667,86.466,0.16,21.25833333,0.674983665,45.52,5.81,0,0,0,0,2,0,0,0,0,0,0,14,23,0,0,0,45,0,0,0,0,0,0,0,5,0,1,0,6,0,96,7,25.94086758,25.7,8.964578758,5.2,58.3,53.1,0.345577446,0.004836931,17.27284247,17.37,2.379605657,7.77,24.05,16.28,0.137765725,-0.001019479,15.71204338,15.6,2.936744432,5.67,26.47,20.8,0.186910408,-0.000963824,29.37968037,28.8,9.474692216,2.9,73,70.1,0.322491331,0.004102825,290.5548973,291.875,11.25961869,258.4,315,56.6,0.038752122,0.000433411,88.13618721,89.26,7.309310106,52.68,100,47.32,0.082931998,-0.005920212,0.760208904,0.6905,0.525776645,0.037,4.035,3.998,0.691621267,5.11E-05,277.9322945,278.16,10.64109691,250.04,297.18,47.14,0.038286652,0.000573536,41.88855023,40.65,11.00004685,12.07,80.08,68.01,0.262602711,0.000593157,0.006635404,0.005386,0.004203435,0.000757,0.017156,0.016399,0.633485837,-2.69E-08,2.203915525,1.29,2.598395551,0,14.91,14.91,1.178990538,0.000441475,4.723561644,4.77,2.62494729,0.32,15.57,15.25,0.555713567,0.000251077,3.425479452,3.39,2.016700167,0.23,10.75,10.52,0.588735152,0.00015285,181.5459817,184.845,76.28923902,60.55,320.55,260,0.420219926,0.003013292,185.2465753,184.1,43.25552331,49.9,323.7,273.8,0.233502418,-0.007764299,4.478618721,4.44,0.722331357,2.51,6.77,4.26,0.161284405,0.000239771,4.719748858,4,2.474400519,0,10,10,0.524265293,0.002632542,4.926940639,5,1.469369215,0.5,10,9.5,0.298231565,0.000631186
15,TX,33.48,-96.341,7.3,7.74,6.25833,25.08333,16.66667,50,33.33333,11.3,0,29.2,20,4.6,2.5,32.5,100,33.33333,14.381,0.42,3.929166667,0.676821709,8.21,0.97,0,0,0,0,0,0,0,0,0,0,0,9,0,0,0,0,38,0,0,0,0,0,0,0,0,1,0,0,0,0,48,3,25.89098174,25.45,8.999866739,4.1,58.4,54.3,0.347606237,0.004693855,17.28449772,17.335,2.443629982,7.6,24.58,16.98,0.141376974,-0.001288974,15.73527397,15.72,2.985789486,5.65,26.21,20.56,0.18975135,-0.001286896,29.36244292,28.8,9.599865294,2.8,74,71.2,0.326943685,0.004948502,290.4930137,291.86,11.41411916,258.94,315.22,56.28,0.039292233,0.000395007,88.31590183,89.575,7.404636582,52.53,100,47.47,0.08384262,-0.007369515,0.766013699,0.7065,0.534419819,0.038,4.078,4.04,0.697663528,6.01E-05,277.7388014,278,10.68009032,250.71,296.99,46.28,0.038453721,0.000954826,41.65005708,40.17,11.00300226,12.54,80.49,67.95,0.264177363,0.000271224,0.006547637,0.0052985,0.004164135,0.000741,0.017063,0.016322,0.635975172,-6.85E-08,2.163447489,1.225,2.556986532,0,16.8,16.8,1.181903672,0.00042839,4.727442922,4.83,2.653674215,0.32,15.57,15.25,0.561333951,0.000297791,3.422591324,3.425,2.034763182,0.23,10.76,10.53,0.594509537,0.000183678,180.8057763,185.235,76.42203398,58.85,323.08,264.23,0.422674737,0.003622172,187.1796804,186.8,43.45499822,50.4,323.4,273,0.2321566,-0.008221422,4.470582192,4.44,0.729885682,2.48,6.92,4.44,0.163264123,0.000250048,4.670091324,4,2.55937626,0,10,10,0.548035591,0.002699346,4.88413242,5,1.458712387,0.5,10,9.5,0.298663562,0.000601191
16,TX,33.496,-96.388,10.3,6.8,3.55,4.58333,0,66.66667,33.33333,0,0.4,7.9,10.8,8.3,7.5,65,100,16.66667,5.37,0.62,1.396666667,0.678742563,2.96,0.36,1,0,0,53,31,0,0,0,0,0,0,1,6,0,0,0,2,0,0,0,0,0,0,0,0,0,0,0,0,0,94,6,26.02671233,25.75,9.093499292,4,59.1,55.1,0.349391009,0.004758726,17.27229452,17.345,2.439371665,7.6,24.44,16.84,0.141230319,-0.00123633,15.71560502,15.615,2.975352015,5.65,26.15,20.5,0.189324688,-0.001215096,29.44874429,28.9,9.636996386,2.8,73.9,71.1,0.327246428,0.004842335,290.5501941,291.91,11.37785256,258.84,315.23,56.39,0.03915968,0.000496579,88.26320776,89.46,7.380637284,52.52,100,47.48,0.083620769,-0.006955662,0.765576484,0.7085,0.531894799,0.035,4.075,4.04,0.694763763,6.60E-05,277.7833676,278.1,10.66405618,250.72,296.93,46.21,0.03838983,0.000892656,41.50038813,40.07,10.98348573,12.17,80.43,68.26,0.264659831,2.22E-05,0.006568465,0.005319,0.004172855,0.000745,0.01706,0.016315,0.635286229,-5.73E-08,2.193276256,1.235,2.617115839,0,17.26,17.26,1.193244961,0.000459911,4.731860731,4.845,2.647241492,0.33,15.59,15.26,0.559450424,0.0003189,3.426164384,3.435,2.029363643,0.23,10.77,10.54,0.592313566,0.000196487,180.8836416,185.24,76.42814747,58.74,322.33,263.59,0.422526586,0.003522014,185.208105,184.1,43.2977286,49.6,324,274.4,0.2337788,-0.007919443,4.472819635,4.43,0.725591033,2.51,6.84,4.33,0.162222287,0.00024465,4.739726027,4,2.604035666,0,10,10,0.549406369,0.00290394,4.913812785,5,1.484794647,0.5,10,9.5,0.302167525,0.000674319
17,TX,33.642,-96.181,4.9,7.26,4.05,39.375,75,0,25,86.3,7.5,4.4,1.9,0,0,0,25,100,8.086,0.35,2.386666667,0.684039271,5,0.65,1,0,0,0,0,0,0,0,0,0,0,0,4,0,0,0,0,0,0,0,0,0,0,0,0,0,0,0,1,0,6,3,25.95776256,25.65,9.244791031,5.4,61.6,56.2,0.356147453,0.003959674,17.34656393,17.42,2.433975636,8.11,24.6,16.49,0.140314569,-0.001119053,15.71010274,15.63,2.977931634,5.92,26.23,20.31,0.189555198,-0.001099783,29.08767123,28.5,9.484479442,2.4,73,70.6,0.326065272,0.004256073,290.4327626,291.79,11.19406084,259.23,314.68,55.45,0.038542693,0.000698847,87.9906621,88.94,7.475191085,51.93,100,48.07,0.084954368,-0.005437528,0.749176941,0.7,0.513546003,0.042,3.975,3.933,0.685480259,7.53E-05,277.8807991,278.225,10.70729816,250.79,297.22,46.43,0.038531983,0.000450513,41.84176941,40.73,10.75098544,13.12,77.97,64.85,0.256943853,-0.000591256,0.006605766,0.0053575,0.004206386,0.000755,0.017346,0.016591,0.636774839,-4.96E-08,2.342511416,1.39,2.720417322,0,14.37,14.37,1.161325108,0.000527092,4.768881279,4.84,2.615738522,0.35,16,15.65,0.548501497,0.000335069,3.444783105,3.44,2.003476106,0.25,11.01,10.76,0.58159717,0.000205005,181.2478082,185.73,75.91027598,60.53,319.63,259.1,0.41882038,0.003416158,186.7929224,186.15,43.0332896,51.1,321.8,270.7,0.230379658,-0.009049997,4.712317352,4.7,0.776648634,2.65,7.21,4.56,0.164812464,0.000249212,4.492009132,4,2.553635618,0,10,10,0.568484066,0.002405648,4.869292237,5,1.432373561,0,10,10,0.294164632,0.000504437
18,TX,33.664,-96.181,8.6,7.64,3.033333,7.16666,0,66.66667,33.33333,62.5,28.8,7.1,1.7,0,0,0,16.66667,66.66667,11.075,0.29,3.281666667,0.682077498,6.85,0.89,0,0,0,0,0,0,0,0,0,0,0,0,30,0,0,1,5,0,0,0,0,0,0,0,0,0,0,0,0,0,36,3,25.85719178,25.6,9.17352782,5.2,61.7,56.5,0.354776648,0.003654659,17.43761416,17.495,2.415306478,8.13,24.77,16.64,0.138511293,-0.00101053,15.80723744,15.67,2.969495082,5.91,26.36,20.45,0.187856676,-0.000998137,28.77214612,28.2,9.395057258,2.2,74.7,72.5,0.326533072,0.003805235,290.3203881,291.64,11.22988064,258.98,314.59,55.61,0.038680992,0.0006193,88.38165525,89.55,7.359957789,51.84,100,48.16,0.083274722,-0.004713681,0.737421233,0.686,0.509070486,0.04,3.95,3.91,0.690338796,6.31E-05,277.7768265,278.01,10.77935597,249.99,297.27,47.28,0.038805814,0.000279631,42.12385845,41.115,10.78411807,13.19,78.39,65.2,0.25600974,-0.000256318,0.006639938,0.005372,0.00424734,0.000757,0.017478,0.016721,0.63966551,-3.59E-08,2.307054795,1.38,2.653322549,0,13.71,13.71,1.150090824,0.00051592,4.721541096,4.81,2.601546567,0.35,15.95,15.6,0.550995218,0.000281216,3.41913242,3.415,1.996129057,0.25,10.95,10.7,0.583811567,0.000171978,181.5590639,186.1,75.79025374,61.18,319.22,258.04,0.417441311,0.003391317,186.7929224,186.15,43.0332896,51.1,321.8,270.7,0.230379658,-0.009049997,4.719200913,4.71,0.778195167,2.67,7.21,4.54,0.164899775,0.000244803,4.473173516,4,2.424927523,0,10,10,0.542104507,0.002343405,4.872716895,5,1.418267133,0,10,10,0.291062905,0.000488826
19,TX,33.871,-95.544,7.7,7.62,6.20714,21.21429,28.57142857,28.57142857,42.85714286,83.2,0,8.6,6.8,0.7,0.7,0,57.14285714,57.14285714,496.258,0.03,170.2858333,0.6911456,349.65,45.63,0,0,0,0,55,0,0,0,0,0,5,0,3,0,0,0,67,0,0,1,0,0,0,0,3,3,19,0,16,0,172,9,22.68538813,22.35,7.831950206,4.3,53.2,48.9,0.345242063,0.003784664,17.75248858,17.79,2.349630588,8.7,24.83,16.13,0.132354998,-0.000842999,16.07320776,15.98,2.917564367,5.96,26,20.04,0.181517243,-0.0009162,27.58230594,27.1,8.986294469,2.4,72.2,69.8,0.325799246,0.003503498,290.7217237,292.275,11.16647141,259.66,315.2,55.54,0.038409484,0.000670496,89.04848174,90.285,7.06107798,54.34,100,45.66,0.07929476,-0.005073067,0.733229452,0.6865,0.50362555,0.036,3.983,3.947,0.686859412,7.83E-05,278.1898973,278.59,10.51455221,250.8,296.84,46.04,0.037796312,0.000527265,43.42546804,42.31,11.2191523,13.6,80.38,66.78,0.258354206,-0.000581276,0.006846623,0.005603,0.004318078,0.000799,0.01842,0.017621,0.630687203,-8.54E-08,2.381757991,1.415,2.753082186,0,20.73,20.73,1.155903411,0.000515906,4.372134703,4.485,2.42046099,0.3,14.88,14.58,0.5536108,0.000283184,3.242385845,3.21,1.914311193,0.23,10.38,10.15,0.590402033,0.000176659,180.4039155,184.48,76.83628919,58.36,319.21,260.85,0.425912536,0.004217039,180.9464612,181.7,42.81902741,49,317.6,268.6,0.236639209,-0.01390974,3.870513699,3.82,0.697416031,1.99,5.96,3.97,0.180186943,0.000200685,4.555365297,4,2.490407346,0,10,10,0.546697616,0.002885138,4.882420091,5,1.461409711,0,10,10,0.299320764,0.000679741
20,TX,33.756,-96.521,5.7,7.63,2.86166,30,33.33333,33.33333,33.33333,4.2,5.8,35.8,30.8,10.8,11.7,0.8,100,0,10.52,0.92,2.4075,0.661275425,5.18,0.71,2,0,0,54,0,0,0,0,0,0,0,0,0,0,0,0,53,0,0,0,0,0,0,0,0,0,0,0,0,0,109,3,25.93972603,25.3,8.92011973,2.5,59,56.5,0.343878718,0.004837707,17.20391553,17.3,2.374830556,8.19,23.94,15.75,0.13804012,-0.001112749,15.62223744,15.475,2.952963146,5.67,25.71,20.04,0.189023061,-0.001038264,29.60924658,28.9,9.470545248,3.9,72.8,68.9,0.319850937,0.004406858,290.6440982,291.935,11.18974688,258.42,314.77,56.35,0.038499825,0.00043592,87.73652968,88.66,7.350785412,52.83,100,47.17,0.083782496,-0.006091703,0.766765982,0.69,0.53003511,0.033,4.002,3.969,0.691260597,5.25E-05,278.1348288,278.295,10.59568229,250.36,297.44,47.08,0.038095489,0.000628535,41.88956621,40.75,11.06314405,11.77,80.84,69.07,0.264102617,0.000709794,0.006683268,0.005472,0.004194579,0.000773,0.017112,0.016339,0.627623908,-6.18E-09,2.209657534,1.29,2.563412817,0,17.75,17.75,1.160095072,0.000324975,4.735958904,4.77,2.627464639,0.31,15.42,15.11,0.554790422,0.000236485,3.437123288,3.39,2.020001455,0.23,10.67,10.44,0.587701193,0.000140994,182.0968607,185.33,75.85548329,62.53,318.91,256.38,0.416566672,0.002437433,184.7989726,183.5,43.39608315,49.5,323.9,274.4,0.234828595,-0.007236955,4.451015982,4.415,0.716706218,2.51,6.7,4.19,0.161020814,0.000238362,4.503995434,4,2.298807517,0,10,10,0.51039295,0.001855074,4.860730594,5,1.41138923,0.5,10,9.5,0.290365656,0.000402341
21,TX,33.609,-96.605,7.1,7.64,8.005,20.16667,16.66667,50,33.333333,1.7,14.2,40,30.8,10,2.5,2.5,83.33333,33.333333,92.335,0.15,20.8675,0.691694976,46.84,6.21,0,0,0,17,60,0,0,0,0,0,0,9,2,0,0,0,12,0,0,0,0,0,0,0,53,0,0,1,13,0,167,8,26.53835616,26,9.103017165,5.3,58.4,53.1,0.343013603,0.006282358,17.04191781,17.1,2.396755936,7.65,23.79,16.14,0.140638863,-0.001448834,15.52573059,15.47,2.936931589,5.55,25.82,20.27,0.189165436,-0.001374207,30.19851598,29.7,9.631851654,3.9,73.7,69.8,0.318951158,0.005897767,290.6776484,291.94,11.32296916,258.72,315.09,56.37,0.038953697,0.000735701,87.64990868,88.955,7.476155306,52.65,100,47.35,0.085295643,-0.0075373,0.778245434,0.702,0.537965165,0.036,4.063,4.027,0.691253866,8.49E-05,277.9808219,278.185,10.67050553,250.98,297.4,46.42,0.038385762,0.001080866,41.28518265,40.23,10.88041127,11.67,78.62,66.95,0.263542767,-2.14E-05,0.006593861,0.0053735,0.004188687,0.000755,0.016969,0.016214,0.63524045,1.08E-08,2.124611872,1.205,2.574381241,0,20.02,20.02,1.21169484,0.000384696,4.779394977,4.81,2.651770103,0.31,15.58,15.27,0.554833847,0.000370538,3.457968037,3.405,2.034522535,0.23,10.76,10.53,0.58835782,0.000225302,181.6834817,184.665,76.11422327,61.09,320.71,259.62,0.418938599,0.002768415,185.0711187,184.1,43.31160668,49.9,323.3,273.4,0.234026827,-0.008258141,4.464600457,4.43,0.721073179,2.51,6.75,4.24,0.161509005,0.000240414,4.686643836,4,2.389028798,0,10,10,0.509752582,0.00254292,4.906392694,5,1.484633697,0.5,10,9.5,0.302591698,0.000610425
22,TX,33.81,-96.678,7.1,7.57,7.45833,45.41666,50,33.33333,16.66667,15.8,2.5,15,20.8,29.2,9.2,7.5,83.33333,16.66667,42.726,0.34,9.7125,0.666878661,21.19,2.87,2,0,0,0,8,0,0,0,0,0,19,0,2,0,0,0,86,0,0,0,0,0,0,0,0,0,0,0,0,0,117,5,26.54794521,25.9,9.122363653,2.6,60.1,57.5,0.343618445,0.004244472,17.04099315,17.09,2.375826277,8.11,23.88,15.77,0.139418299,-0.001090847,15.51342466,15.38,2.944417659,5.62,25.68,20.06,0.189798044,-0.00106379,30.26381279,29.75,9.544799611,4.1,75.3,71.2,0.315386554,0.004315954,290.7962785,292.035,11.26270686,258.69,314.92,56.23,0.038730574,0.000570989,87.66176941,88.7,7.430081825,53,100,47,0.08475852,-0.006609959,0.782731735,0.6995,0.538145384,0.035,4.014,3.979,0.687522123,6.83E-05,277.9673744,278.14,10.63500941,250.54,297.33,46.79,0.03825992,0.000834585,40.92992009,39.855,10.87661058,11.46,79.81,68.35,0.265737401,0.000492526,0.00661285,0.0053795,0.004185106,0.000761,0.017012,0.016251,0.632874711,8.37E-09,2.14739726,1.21,2.577710274,0,20.67,20.67,1.200388173,0.000354493,4.796187215,4.84,2.649388373,0.31,15.57,15.26,0.552394695,0.000283958,3.470525114,3.425,2.032383759,0.23,10.77,10.54,0.585612751,0.000174409,182.2877169,184.77,75.95636807,61.39,319.28,257.89,0.416683962,0.002338346,184.4441781,183.65,43.39699241,49.7,323.2,273.5,0.235285238,-0.008277604,4.442146119,4.4,0.713540249,2.53,6.67,4.14,0.160629621,0.00022365,4.581621005,4,2.429699725,0,10,10,0.530314428,0.00206447,4.884703196,5,1.447661878,0.5,10,9.5,0.296366395,0.000528835
23,TX,33.784,-96.594,7.3,6.05,4.18333,21.16667,16.66667,50,33.33333,17.5,3.3,28.3,32.5,17.5,0.8,0,66.66666667,50,8.554,1.04,1.941666667,0.662346916,4.2,0.57,0,0,0,0,0,0,0,0,0,0,75,3,1,0,0,0,10,0,0,0,0,0,0,0,0,0,0,0,0,0,89,4,26.04634703,25.3,9.002441216,2.5,59.1,56.6,0.345631624,0.004744557,17.17396119,17.25,2.374480129,8.28,23.85,15.57,0.138260481,-0.000991234,15.61570776,15.455,2.965284462,5.66,25.56,19.9,0.189891134,-0.000909404,29.71187215,29,9.517816538,4.1,74.8,70.7,0.320337153,0.004043795,290.6619635,291.96,11.17528007,258.12,314.71,56.59,0.038447687,0.000340862,87.78597032,88.945,7.348011929,52.93,100,47.07,0.083703716,-0.005693661,0.76309589,0.688,0.52875572,0.032,3.976,3.944,0.69290862,4.68E-05,278.123847,278.24,10.61189654,250.09,297.44,47.35,0.038155292,0.000508595,41.86228311,40.6,11.14445928,11.57,80.8,69.23,0.266217188,0.001105882,0.006716894,0.005515,0.004207658,0.00078,0.017174,0.016394,0.626429085,1.28E-11,2.199121005,1.26,2.565206967,0,18.84,18.84,1.166469222,0.00028374,4.719075342,4.745,2.624144642,0.3,15.39,15.09,0.556071784,0.000197088,3.428607306,3.375,2.018497424,0.23,10.66,10.43,0.588722255,0.000118889,182.221016,185.23,75.80617111,62.38,318.34,255.96,0.416012229,0.002302448,184.7989726,183.5,43.39608315,49.5,323.9,274.4,0.234828595,-0.007236955,4.446232877,4.4,0.71471996,2.51,6.69,4.18,0.160747307,0.000233225,4.512557078,4,2.243423131,0,10,10,0.497151192,0.001565406,4.85673516,5,1.415532824,0.5,10,9.5,0.291457693,0.000375265
24,TX,33.505,-94.29,7.2,6.7,7.82333,60.33333,33.33333,66.66667,0,89.2,0,3.3,2.5,0,1.7,3.3,100,66.66667,54.093,0.1,25.21,0.754922102,53,4.9,0,0,0,0,0,0,0,1,0,1,7,19,4,0,4,0,36,0,0,0,1,0,0,5,0,0,0,0,0,0,78,9,23.6206621,23,8.486595394,0.1,58.3,58.2,0.359286939,0.005908266,18.30990868,18.32,2.398705033,8.57,25.15,16.58,0.131005844,-0.00107156,16.53880137,16.565,2.899861208,6.13,25.66,19.53,0.175336842,-0.001093421,25.57260274,24.85,8.959012609,2.1,71.6,69.5,0.350336362,0.004517009,289.2795091,290.795,11.28949078,257.94,314.55,56.61,0.039026237,0.00061598,89.68658676,90.725,7.147398152,52.06,100,47.94,0.079693056,-0.005817178,0.628633562,0.5865,0.4600843,0.03,3.893,3.863,0.731879951,6.47E-05,277.4063813,277.88,10.61742012,249.13,297.16,48.03,0.038273886,0.00085645,46.25603881,46.12,10.55191726,14.63,79.87,65.24,0.228119777,0.00043204,0.006748452,0.005523,0.004245029,0.000728,0.017268,0.01654,0.629037404,5.04E-08,2.486643836,1.58,2.77949696,0,16.72,16.72,1.117770434,0.000395698,4.251506849,4.33,2.402910338,0.38,15.77,15.39,0.565190278,0.000296403,3.120673516,3.085,1.865658618,0.26,10.81,10.55,0.59783845,0.000196088,176.9538356,183.375,73.46238554,56.92,312.83,255.91,0.415150004,0.004883187,192.8884703,194.1,41.13513665,51.3,310.1,258.8,0.21325866,-0.015109904,4.823892694,4.835,0.795247747,2.68,7.21,4.53,0.164856019,0.000215128,5.009703196,4,2.575828883,0.5,10,9.5,0.514167962,0.002440945,5.000570776,5,1.482489004,0,10,10,0.296463958,0.00046553
25,TX,33.511,-94.138,10.2,7.1,4.8,39.66667,50,33.33333,16.66667,75.8,0,12.5,9.2,2.5,0,0,100,16.66666667,149.886,0.03,71.87583333,0.78548257,168.45,12.64,0,3,0,0,0,0,0,0,0,0,1,43,23,0,19,0,23,1,0,1,1,0,0,0,0,0,3,0,0,0,118,10,23.62694064,23.05,8.496053623,2.3,59.4,57.1,0.359591779,0.006488851,18.26528539,18.33,2.392777858,8.57,25.05,16.48,0.131001395,-0.001685011,16.46902968,16.49,2.877225102,6.12,25.21,19.09,0.174705199,-0.001606316,25.78710046,25.2,8.975179132,2.5,71.9,69.4,0.348049179,0.006350669,289.4406507,291.075,11.23806727,258.81,314.48,55.67,0.038826845,0.001030538,89.43889269,90.585,7.2682148,52.4,100,47.6,0.081264588,-0.007538364,0.638294521,0.6065,0.460347509,0.035,3.877,3.842,0.721214884,0.000114768,277.5302397,278.095,10.60179338,249.3,297.11,47.81,0.038200498,0.001276129,45.91512557,45.86,10.27395662,14.5,79.89,65.39,0.223759741,-0.00080708,0.0067393,0.0055075,0.004244427,0.000728,0.017788,0.01706,0.62980237,2.21E-08,2.545525114,1.61,2.828083975,0,16.68,16.68,1.111002189,0.000369434,4.271643836,4.405,2.380457544,0.39,15.51,15.12,0.557269668,0.000484133,3.133755708,3.11,1.852889248,0.27,10.68,10.41,0.591267929,0.000306826,176.5418721,183.225,73.76778909,55.93,312.21,256.28,0.417848685,0.004828617,193.4280822,194.65,41.16842881,51.4,308.9,257.5,0.212835842,-0.014844286,4.752819635,4.76,0.780058199,2.63,7.09,4.46,0.164125353,0.000213039,4.972031963,4,2.556008407,0,10,10,0.514077228,0.002084597,5.001712329,5,1.493802811,0,10,10,0.298658282,0.000378327
26,TX,33.503,-94.415,4.3,6.8,4.15833,21.25,16.66667,66.66666667,16.66667,81.7,0,2.5,2.1,0.4,13.3,0,33.33333,50,33.553,0.19,14.865,0.7569679,31.85,2.71,0,3,0,0,0,0,0,0,0,1,0,0,166,0,0,0,15,0,0,1,0,0,0,0,0,0,0,0,0,0,186,5,23.80901826,23,8.647061076,0.1,57.9,57.8,0.363184277,0.007770116,18.2952968,18.28,2.412888297,8.51,24.99,16.48,0.131885715,-0.001307445,16.53874429,16.51,2.927974002,6.07,25.55,19.48,0.177037262,-0.00127504,25.65308219,25.1,9.021034633,2.3,72.2,69.9,0.351655001,0.005598651,289.3322717,290.87,11.31191886,258.15,314.63,56.48,0.039096637,0.000691099,89.79756849,90.915,7.154765688,51.61,100,48.39,0.079676608,-0.006276605,0.634608447,0.595,0.464157398,0.03,3.929,3.899,0.731407531,6.79E-05,277.347911,277.855,10.65326471,249.05,297.23,48.18,0.038411195,0.000982881,45.90840183,45.785,10.61058806,14.51,80.6,66.09,0.231125189,-4.78E-05,0.006726318,0.0055105,0.004235885,0.000727,0.017211,0.016484,0.629747953,4.91E-08,2.463150685,1.585,2.747908691,0,17.72,17.72,1.115607221,0.000336684,4.290913242,4.375,2.430206192,0.34,15.97,15.63,0.566361065,0.000325005,3.143915525,3.1,1.882248021,0.26,10.95,10.69,0.598695482,0.000212339,177.0832192,181.235,73.73841743,57.5,313.28,255.78,0.416405449,0.004925814,192.3333333,193.55,41.25750059,51.3,311.2,259.9,0.214510402,-0.013308405,4.86423516,4.89,0.808777184,2.69,7.26,4.57,0.166270165,0.000217529,4.947488584,4,2.575256443,0,10,10,0.520517915,0.002123044,4.968607306,5,1.486578732,0,10,10,0.299194249,0.000368509
27,TX,33.565,-94.555,4.7,6.95,4.2,41,33.33333,66.66667,0,100,0,0,0,0,0,0,50,100,51.67,0.14,23.93916667,0.710031978,48.17,4.86,1,2,0,0,0,0,0,1,0,0,1,7,92,0,0,0,8,0,0,0,0,0,0,0,0,0,0,0,0,0,112,7,23.9173516,23.3,8.587579718,0.1,57.7,57.6,0.359052284,0.006902739,18.32542237,18.4,2.370337178,8.45,24.88,16.43,0.129346933,-0.001333647,16.54389269,16.51,2.888995936,5.97,25.48,19.51,0.174626129,-0.001279036,25.63778539,25.2,8.862953224,2.1,72.5,70.4,0.345698862,0.005467316,289.3884018,291.04,11.27631848,258.39,314.56,56.17,0.038966035,0.000764382,89.96440639,91.21,7.095197825,51.35,100,48.65,0.078866722,-0.006066964,0.637045662,0.5945,0.462267716,0.027,3.919,3.892,0.725642985,7.88E-05,277.2633562,277.665,10.64325095,249.04,297.24,48.2,0.038386793,0.000899935,45.43164384,45.325,10.50641117,14.41,81.23,66.82,0.231257561,-0.000493579,0.006707388,0.0055015,0.004241295,0.000728,0.017198,0.01647,0.632331809,2.27E-08,2.470753425,1.61,2.693145854,0,17.04,17.04,1.090009965,0.000288863,4.317568493,4.415,2.424446065,0.34,16.01,15.67,0.561530424,0.000359156,3.159589041,3.155,1.876913894,0.26,10.98,10.72,0.594037348,0.000233537,177.1655479,182.325,74.28614563,57.6,314.22,256.62,0.419303564,0.005010353,191.9230594,193.65,41.34265261,51.4,311.6,260.2,0.215412639,-0.013487567,4.887089041,4.89,0.817135741,2.7,7.28,4.58,0.167202957,0.000216044,4.836757991,4,2.504027895,0,10,10,0.517707915,0.00213239,4.937785388,5,1.462178936,0,10,10,0.29612039,0.000362064
28,TX,33.658,-94.689,10.6,7.79,6.53333,41,33.33333,66.6667,0,85,0,3.3,3.3,3.3,5,0,100,0,81.639,0.05,13.05916667,0.702305879,26.69,2.74,0,0,0,0,0,0,0,0,0,0,0,2,63,0,0,0,24,0,0,1,0,0,0,1,0,0,0,0,1,0,92,6,24.11381279,23.5,8.69668643,2.3,59,56.7,0.360651653,0.0064258,18.28613014,18.315,2.363238573,8.35,24.76,16.41,0.12923667,-0.001679959,16.51136986,16.5,2.894266367,5.91,25.23,19.32,0.175289294,-0.001542176,25.81381279,25.25,8.873519097,3,73.3,70.3,0.343750812,0.006132319,289.6810046,291.33,11.24655586,258.88,314.7,55.82,0.038823933,0.000957046,90.04808219,91.365,7.109906939,50.76,100,49.24,0.078956784,-0.0065199,0.651773973,0.605,0.470151575,0.024,3.974,3.95,0.721341439,9.84E-05,277.4124658,277.885,10.61390273,249.34,297.56,48.22,0.038260367,0.000959344,44.93988584,44.655,10.44631448,14.44,81.25,66.81,0.232450846,-0.001288878,0.006756361,0.005595,0.004261725,0.00074,0.01747,0.01673,0.630772235,-2.03E-08,2.482694064,1.59,2.73392154,0,16.92,16.92,1.101191476,0.000224974,4.389874429,4.49,2.445608749,0.32,16.25,15.93,0.557102211,0.000449778,3.207671233,3.22,1.891166273,0.25,11.1,10.85,0.589576093,0.000284938,177.8570662,183.17,74.87446898,57.07,315.7,258.63,0.420981132,0.005035233,192.585274,193.9,41.15872217,52.3,309.2,256.9,0.213716871,-0.015086767,4.90609589,4.93,0.821078926,2.7,7.28,4.58,0.167358923,0.000215367,4.688356164,4,2.385487236,1,10,9,0.50881101,0.001495643,4.900114155,5,1.45087361,0,10,10,0.296089757,0.00026963
29,TX,33.791,-95.443,6.9,7.46,7.25,25.41666,0,83.33333,16.66667,76.7,0.8,11.7,8.5,2.5,0,0,100,33.33333,388.817,0.1,140.2225,0.690852041,285.75,37.37,0,0,0,0,157,0,0,0,0,0,0,1,55,0,0,0,8,7,0,0,0,0,0,0,1,1,4,0,119,0,353,9,22.44315068,22.1,7.743558886,4,52.9,48.9,0.345029938,0.004190762,17.89090183,17.94,2.276349213,8.78,24.9,16.12,0.127235018,-0.000861735,16.21956621,16.125,2.852975423,6.13,26.18,20.05,0.175897147,-0.00085774,27.1152968,26.6,8.719731405,2.2,71.5,69.3,0.321579788,0.00351003,290.6238584,292.22,11.23290869,259.43,315.31,55.88,0.03865102,0.000476197,89.59461187,90.785,6.903468171,55.76,100,44.24,0.077052269,-0.004714154,0.715700913,0.6705,0.494999914,0.036,3.971,3.935,0.691629569,5.73E-05,278.1024772,278.46,10.54206028,250.49,296.76,46.27,0.037907107,0.000455531,43.89865297,42.98,11.22816389,13.9,80.62,66.72,0.255774679,-3.34E-05,0.006901175,0.0056395,0.004391773,0.000791,0.019098,0.018307,0.636380555,-9.52E-08,2.380776256,1.405,2.793396337,0,20.76,20.76,1.173313255,0.000428534,4.290251142,4.39,2.389970182,0.31,14.69,14.38,0.557069995,0.000222663,3.192876712,3.165,1.895315889,0.22,10.26,10.04,0.593607602,0.000137722,179.8571461,184.45,76.14815944,58.99,318.34,259.35,0.423381339,0.00418237,180.5303653,181.2,42.36504941,49.2,317.1,267.9,0.234669937,-0.0128229,3.827899543,3.79,0.694988203,1.94,5.94,4,0.181558632,0.000201867,4.519977169,4,2.422285328,0,10,10,0.535906541,0.002528871,4.877283105,5,1.44951493,0,10,10,0.29719721,0.000531589
30,TX,33.857,-95.037,8.4,7.54,2.53333,29.66667,50,16.66667,33.33333,85.8,0,4.6,3.6,3.3,1.7,0,50,50,2.632,0.28,1.106666667,0.657788596,2.16,0.28,0,0,0,0,0,0,0,0,0,0,3,3,0,0,0,0,42,1,0,0,6,2,0,0,0,0,0,0,0,0,57,6,23.32100457,23,8.178868914,3.8,56.8,53,0.350708259,0.005915157,18.5934589,18.585,2.266459235,8.64,24.93,16.29,0.121895514,-0.001307417,16.83170091,16.81,2.854539796,6.03,26.09,20.06,0.169593068,-0.001235976,24.82762557,24.1,8.479955648,2.1,72,69.9,0.341553228,0.004918977,290.0717123,291.81,11.19369088,259.04,314.82,55.78,0.038589392,0.001018558,91.25704338,92.745,6.693950401,53.57,100,46.43,0.073352699,-0.005610156,0.66077968,0.6135,0.471439671,0.029,3.885,3.856,0.713459698,0.000112451,277.5694977,278.055,10.54751638,249.67,296.9,47.23,0.037999551,0.000749089,45.49672374,44.41,11.00704198,14.32,79.19,64.87,0.241930431,-0.001761401,0.006875089,0.0057525,0.004309412,0.000783,0.018333,0.01755,0.626815505,-1.07E-07,2.505216895,1.495,2.815751694,0,14.92,14.92,1.123955255,0.000422096,4.398972603,4.5,2.446326963,0.35,16.12,15.77,0.556113253,0.000499204,3.224760274,3.23,1.899038705,0.23,11.03,10.8,0.588892985,0.000308425,179.36629,183.79,75.01200108,59.18,316.08,256.9,0.418205679,0.005026149,188.3308219,188.85,41.78226295,54,316.2,262.2,0.221855682,-0.011811526,4.761575342,4.765,0.820882854,2.65,7.19,4.54,0.172397325,0.000229299,4.490296804,4,2.378597377,0,10,10,0.529719411,0.00174104,4.867579909,5,1.426726011,0,10,10,0.293107877,0.000415667
31,TX,33.78,-94.927,7.1,7.76,4.44446,19.33333,0,66.66667,33.33333,78.3,0,6.7,6.7,5,3.3,0,50,50,75.652,0.09,31.56416667,0.676958738,64.06,7.12,0,0,0,0,2,0,0,0,0,0,0,8,22,0,0,0,24,12,0,3,0,0,0,0,0,3,2,0,80,0,156,9,23.89063927,23.6,8.405412697,2.2,58.2,56,0.351828706,0.005874779,18.53625571,18.555,2.325740644,8.54,24.73,16.19,0.125469819,-0.001658397,16.7596347,16.69,2.892992534,5.95,25.94,19.99,0.172616682,-0.001602309,25.02648402,24.4,8.664352886,1.9,72.3,70.4,0.346207357,0.00587527,289.8972489,291.605,11.21653135,259.25,314.83,55.58,0.038691403,0.001044299,90.86861872,92.255,6.943868146,52.09,100,47.91,0.07641657,-0.0070919,0.648818493,0.601,0.468436263,0.03,3.942,3.912,0.721983525,0.000121228,277.5390525,277.985,10.57802607,249.59,297.31,47.72,0.038113649,0.001196794,45.56251142,44.87,10.80170145,14.46,79.81,65.35,0.237074321,-0.001770925,0.006872284,0.005726,0.004314199,0.000771,0.01823,0.017459,0.627767887,-7.48E-08,2.543196347,1.61,2.844064004,0,15.13,15.13,1.11830296,0.000380358,4.397374429,4.47,2.456946206,0.31,16.46,16.15,0.558730271,0.000542142,3.217522831,3.22,1.89914945,0.21,11.22,11.01,0.590252051,0.000339647,178.8548858,183.64,74.9342278,57.86,314.18,256.32,0.418966625,0.005165331,190.0399543,190.7,41.51927046,53.7,312.5,258.8,0.218476534,-0.010818977,4.941289954,4.96,0.842085394,2.75,7.4,4.65,0.17041813,0.00023281,4.589041096,4,2.405296381,0,10,10,0.524139211,0.00158606,4.868721461,5,1.460438325,0,10,10,0.299963417,0.000291877
32,TX,33.717,-96.569,6.5,7.71,2.71666,17.33333,33.33333,16.66667,50,59.2,0,24.6,4.2,3.8,8.3,0,83.33333,50,114.669,0.19,26.46833333,0.67181501,58.26,7.71,0,0,0,17,25,0,0,0,0,0,0,13,2,0,0,0,11,0,0,2,0,0,0,0,51,1,0,0,19,0,141,9,26.26255708,25.6,9.049578806,5.3,59.1,53.8,0.344581024,0.005109261,17.10310502,17.22,2.359971063,7.84,23.8,15.96,0.137984948,-0.001096613,15.5681621,15.43,2.931659718,5.56,25.75,20.19,0.188311228,-0.001013202,29.93561644,29.2,9.501811217,4,75.1,71.1,0.317408236,0.004473807,290.6559247,291.97,11.19810245,258.5,314.87,56.37,0.038527006,0.000555014,87.66598174,88.8,7.307173124,52.39,100,47.61,0.083352436,-0.00578741,0.769205479,0.697,0.531469945,0.036,4.032,3.996,0.690933644,5.77E-05,278.1536872,278.315,10.60611354,250.46,297.53,47.07,0.038130408,0.000602809,41.87388128,40.805,11.02466316,11.8,80.41,68.61,0.263282572,0.00048279,0.006676475,0.0054685,0.004191816,0.000772,0.017032,0.01626,0.62784866,5.72E-09,2.143413242,1.225,2.557050173,0,18.86,18.86,1.192980487,0.000312219,4.743276256,4.765,2.628460645,0.31,15.47,15.16,0.554144541,0.000262771,3.440513699,3.38,2.022237918,0.23,10.73,10.5,0.587772087,0.000156303,182.0220662,185.145,75.95283276,62.02,319.91,257.89,0.417272666,0.002573495,185.1044521,183.65,43.33062513,49.5,324,274.5,0.234087428,-0.007896951,4.453573059,4.42,0.717249404,2.51,6.7,4.19,0.161050329,0.000236183,4.59303653,4,2.374274107,0,10,10,0.516929071,0.002399244,4.889269406,5,1.464090384,0.5,10,9.5,0.299449726,0.000576275
33,TX,33.58,-96.619,6.8,7.4,4.4,17,33.33333,16.66666667,50,45,3.3,30.8,9.2,5.8,5.8,0,100,66.66666667,81.949,0.19,18.2275,0.696633247,40.7,5.51,2,0,0,25,47,0,0,0,0,0,0,11,51,0,0,0,15,5,0,2,0,0,0,0,24,0,0,0,12,0,194,10,26.38607306,25.9,9.006505138,5.3,58.4,53.1,0.341335564,0.005214966,17.12468037,17.19,2.375208429,7.65,23.81,16.16,0.138700891,-0.001156991,15.60456621,15.47,2.925893052,5.55,25.97,20.42,0.187502364,-0.001092579,29.91038813,29.4,9.528586854,3.8,73.9,70.1,0.318571154,0.004702506,290.583516,291.825,11.3325073,258.59,315.06,56.47,0.03899914,0.000641626,87.97664384,89.11,7.318203186,52.72,100,47.28,0.083183478,-0.006181866,0.768358447,0.698,0.532655775,0.037,4.05,4.013,0.693238653,6.85E-05,277.8628425,278.065,10.67371511,250.56,297.27,46.71,0.038413611,0.000774161,41.4043379,40.2,10.9375169,11.63,79.11,67.48,0.26416355,0.000139399,0.006595193,0.005366,0.004194458,0.000752,0.016967,0.016215,0.635987144,8.38E-10,2.125376712,1.235,2.538427131,0,19.08,19.08,1.194342215,0.000403332,4.744509132,4.785,2.643197327,0.31,15.55,15.24,0.557106595,0.000312241,3.436015982,3.385,2.029194173,0.23,10.74,10.51,0.590565988,0.000192453,181.4346461,184.695,76.27427804,60.35,321.02,260.67,0.420395331,0.002857421,186.0579909,184.95,43.55168522,49.8,323.8,274,0.234075865,-0.008309054,4.470856164,4.44,0.722738686,2.51,6.79,4.28,0.161655544,0.000247158,4.704908676,4,2.335689179,0,10,10,0.496436666,0.002454681,4.908105023,5,1.471321143,0.5,10,9.5,0.299773769,0.00062247
34,TX,33.671,-96.715,6.5,7.71,3,26.33333,16.66667,66.66667,16.66667,85,0,5,2.9,2.9,3.3,0,33.33333,66.66667,16.123,0.38,3.555833333,0.698739588,8.08,1.08,1,0,0,0,0,0,0,0,0,0,0,0,133,0,0,0,24,0,0,0,0,0,0,0,0,0,0,0,0,0,158,3,26.94075342,26.3,9.133314696,5.4,59.1,53.7,0.339014821,0.005944363,16.88417808,16.97,2.35930735,7.74,23.72,15.98,0.139734806,-0.001380479,15.39905251,15.29,2.911489191,5.53,25.68,20.15,0.189069372,-0.001334759,30.74817352,30.2,9.566270123,4.2,75.9,71.7,0.311116695,0.005646308,290.88121,292.105,11.32358656,258.99,315.17,56.18,0.03892856,0.000872173,87.29908676,88.42,7.512661038,52.61,100,47.39,0.086056582,-0.00777504,0.794600457,0.7245,0.546721211,0.04,4.084,4.044,0.688045427,0.000102636,278.0833904,278.255,10.69757019,251.11,297.56,46.45,0.038468929,0.001214713,40.81043379,39.69,10.69625176,11.57,76.23,64.66,0.262096007,-0.000112828,0.006620034,0.005415,0.004208868,0.000761,0.016987,0.016226,0.635777375,3.75E-08,2.069474886,1.19,2.536236011,0,20.13,20.13,1.225545682,0.000368985,4.837990868,4.875,2.668014727,0.35,15.65,15.3,0.551471634,0.000417161,3.495913242,3.445,2.047628088,0.24,10.82,10.58,0.58572051,0.000255508,181.9622374,184.225,76.08819742,61.16,320.54,259.38,0.41815378,0.002617392,185.0711187,184.1,43.31160668,49.9,323.3,273.4,0.234026827,-0.008258141,4.46033105,4.43,0.719887742,2.51,6.73,4.22,0.161397828,0.000236537,4.62043379,4,2.296151295,0,10,10,0.496955784,0.002328232,4.888127854,5,1.461662487,0.5,10,9.5,0.299022966,0.000536467
35,OK,34.321,-96.707,9.9,8.28,11.3,37.5,33.33333333,50,16.66666667,25,5,15,9.2,15,35.8,5,66.66666667,16.66666667,192.838,0.18,48.36583333,0.65362334,99.59,12.96,0,0,0,13,0,0,0,0,0,0,32,2,4,0,0,0,4,0,0,1,0,0,0,0,0,0,0,0,13,0,69,7,26.79840183,26.2,9.014136397,2.8,57.6,54.8,0.336368432,0.004734973,16.85304795,16.82,2.374461285,8.62,24.38,15.76,0.140892098,-0.000600425,15.32052511,15.24,2.989738836,5.45,25.24,19.79,0.195145977,-0.000510512,30.94828767,30.3,9.500572407,4.5,74,69.5,0.306982167,0.002940768,291.3566667,292.48,11.13933641,259.17,314.92,55.75,0.038232646,0.000576248,87.14199772,88.045,7.477994536,52.02,100,47.98,0.085813898,-0.003325381,0.829739726,0.753,0.57060983,0.029,4.077,4.048,0.687697373,2.78E-05,278.216484,278.405,10.50253699,250.43,297.43,47,0.037749514,0.000165151,39.9619863,38.38,10.84016395,10.53,83.96,73.43,0.27126189,0.000451029,0.006620654,0.005473,0.004071194,0.000803,0.016649,0.015846,0.614923201,6.88E-08,2.131563927,1.295,2.379118193,0,13.7,13.7,1.116137388,0.000135136,4.962956621,4.985,2.714173698,0.3,15.64,15.34,0.546886444,0.000125872,3.577899543,3.535,2.068248254,0.22,10.75,10.53,0.578062136,7.86E-05,184.4408676,188.675,74.11923536,67.52,316.98,249.46,0.401859069,0.002293963,180.131621,178.75,42.81210693,50.6,320.7,270.1,0.237671247,-0.005554826,4.419543379,4.375,0.70833187,2.63,6.64,4.01,0.160272637,0.000160801,4.345890411,4,2.177928723,0,10,10,0.50114672,0.000669539,4.823630137,5,1.349150272,0,10,10,0.279696045,0.000139236
36,OK,34.36,-96.788,11.9,8.52,7.83333,38,50,33.33333333,16.66666667,16.7,1.7,38.3,9.2,8.3,35.8,0,100,66.66666667,32.871,0.41,7.959166667,0.66163245,16.5,2.21,0,0,0,3,0,0,0,0,0,0,37,0,0,0,0,0,10,0,0,0,0,0,0,0,0,0,0,0,20,0,70,4,27.05616438,26.55,9.134543343,5.5,58,52.5,0.337614128,0.005623007,16.74731735,16.73,2.353585479,8.64,24.25,15.61,0.140535074,-0.000840195,15.23833333,15.15,2.955758208,5.47,25.02,19.55,0.193968602,-0.00064367,31.27785388,30.5,9.464502918,4.5,74,69.5,0.302594384,0.003828047,291.4168493,292.455,11.08117134,259.15,314.82,55.67,0.038025157,0.000501436,86.85100457,87.725,7.536843546,52.02,100,47.98,0.086779003,-0.003976167,0.830697489,0.7525,0.566598181,0.03,4.058,4.028,0.68207523,2.68E-05,278.3331507,278.48,10.47602612,250.58,297.48,46.9,0.037638442,0.000298453,39.9215411,38.48,10.71679673,10.53,83.84,73.31,0.268446469,0.000628881,0.006660604,0.005473,0.004103876,0.000812,0.016771,0.015959,0.616141671,7.01E-08,2.099326484,1.215,2.362168172,0,15.18,15.18,1.125202864,2.25E-05,4.975593607,4.96,2.694690914,0.29,15.71,15.42,0.541581794,0.000121294,3.587694064,3.56,2.056748537,0.22,10.8,10.58,0.573278686,7.28E-05,184.5813699,188.15,74.05498945,68.12,317.11,248.99,0.401205114,0.002204857,180.1275114,179.6,42.78889172,50.8,319.7,268.9,0.237547787,-0.005479605,4.427956621,4.395,0.711151907,2.64,6.64,4,0.160604985,0.00015765,4.346461187,4,2.165946235,0,10,10,0.498324071,0.000480159,4.819634703,5,1.358426384,0,10,10,0.281852561,9.50E-05
37,OK,34.085386,-96.731884,15.7,9.6,6.6,21.5,33.33333,16.66667,50,5.8,10.8,16.7,8.3,13.3,0,45,100,16.6666667,50.378,0.33,11.93416667,0.6580741,25.3,2.71,0,0,0,0,17,0,0,0,0,0,32,5,11,0,0,0,18,0,0,0,0,0,0,0,0,0,0,0,0,0,83,5,27.24394977,26.35,9.343893932,2.8,60.1,57.3,0.342971339,0.003513418,16.755,16.72,2.432789026,8.34,23.98,15.64,0.145197793,-0.000702755,15.22772831,15.11,3.019573169,5.45,24.97,19.52,0.198294395,-0.000669264,31.36700913,30.75,9.817904654,4.9,75.5,70.6,0.313000982,0.002992656,291.0515868,292.21,11.13611519,258.88,315,56.12,0.038261654,0.000611315,86.68006849,87.42,7.53130441,51.8,100,48.2,0.08688623,-0.004557025,0.819850457,0.738,0.56516995,0.033,4.085,4.052,0.689357364,4.38E-05,277.98871,278.12,10.5161941,249.73,297.18,47.45,0.037829573,0.000428523,39.85563927,38.285,10.84917472,10.63,82.26,71.63,0.272211785,0.000437758,0.00650361,0.005345,0.004011241,0.000777,0.016483,0.015706,0.616771528,5.69E-08,2.090821918,1.25,2.400052703,0,16.45,16.45,1.14789915,0.000177796,4.924703196,4.935,2.700456164,0.31,15.53,15.22,0.548349019,0.000182899,3.548778539,3.505,2.059251369,0.21,10.71,10.5,0.580270464,0.000110286,183.8030822,187.66,74.79350797,66.3,317.02,250.72,0.406921946,0.002290194,181.5913242,180.35,42.96734337,50.2,321.2,271,0.236615618,-0.007320973,4.424531963,4.39,0.706731098,2.67,6.61,3.94,0.159730137,0.000177177,4.506849315,4,2.185845631,0,10,10,0.485005262,0.001241405,4.874429224,5,1.402536521,0.5,10,9.5,0.287733488,0.000360069
38,OK,34.061,-94.476,8.2,7.36,20.39166,38.25,0,66.66666667,33.33333333,5,0,38.3,39.2,16.7,0.8,0,50,16.6666667,136.115,0.22,79.60666667,0.60456268,137.7,15.87,0,0,0,31,0,0,0,0,0,0,31,0,1,0,0,0,15,0,0,0,0,0,3,0,2,0,0,0,0,0,83,6,23.26872146,23,8.186882743,0.2,60.8,60.6,0.351840678,0.00504492,17.94834475,18.08,2.390672967,8.61,26.12,17.51,0.133197406,-0.001564893,16.16440639,16.085,2.857395194,6.29,25.32,19.03,0.176770809,-0.001463983,26.90228311,26.15,8.990290008,2.5,72.2,69.7,0.334183161,0.005616471,290.2381164,291.885,11.09267851,259.6,315.25,55.65,0.038219234,0.000947185,88.58432648,89.76,7.501566146,50.99,100,49.01,0.08468277,-0.007019295,0.679559361,0.638,0.483871815,0.021,4.1,4.079,0.712037599,8.85E-05,278.111016,278.53,10.50651555,250.62,297.41,46.79,0.037778135,0.001091861,45.07901826,45.12,10.23616939,13.83,82.35,68.52,0.227071702,-0.000552153,0.006895696,0.0057065,0.004317449,0.000783,0.017678,0.016895,0.626107824,5.81E-08,2.551461187,1.575,2.929467421,0,25.41,25.41,1.148152845,0.000480846,4.302796804,4.465,2.35304084,0.3,16.3,16,0.54686311,0.00038555,3.183299087,3.175,1.854608897,0.23,11.12,10.89,0.582605921,0.000251458,179.161153,182.97,74.26061984,57.38,315.27,257.89,0.414490634,0.005768149,185.7681507,186.9,40.96158298,49.7,304.1,254.4,0.220498416,-0.009956218,4.294429224,4.3,0.738343987,2.37,6.47,4.1,0.171930645,0.00020879,4.858447489,4,2.559775668,0,10,10,0.52687112,0.002494922,4.950342466,5,1.448936745,1,10,9,0.292694244,0.000477482
39,OK,34.064,-94.645,9.2,7.12,14.16666,60.16666,50,50,0,10.8,5,32.5,27.5,12.5,3.3,8.3,66.66666667,50,18.29,0.6,9.715,0.61144792,17.14,1.97,1,0,0,0,0,0,0,0,5,1,106,1,2,0,0,0,54,0,0,0,0,0,5,0,0,1,0,0,0,0,176,9,22.64452055,22.45,7.994254765,0.2,59.5,59.3,0.353032635,0.004547485,17.99013699,18.07,2.347479602,8.56,25.13,16.57,0.130487033,-0.001589116,16.2110274,16.105,2.847689016,6.3,24.94,18.64,0.175663698,-0.001544143,26.74143836,26.05,8.877159252,2.5,72.2,69.7,0.331962669,0.005593444,290.1552169,291.76,11.16426331,259.41,315.01,55.6,0.038476866,0.001197516,88.83187215,89.94,7.337639556,51.46,100,48.54,0.082601429,-0.007139097,0.682850457,0.6405,0.483942555,0.029,4.046,4.017,0.708709426,0.000110289,277.9874201,278.44,10.57191781,250.31,297.43,47.12,0.038030202,0.001148042,44.85450913,44.6,10.1624404,14.29,79.84,65.55,0.226564521,-0.001375864,0.006853824,0.0056245,0.004311892,0.000768,0.0177,0.016932,0.629122015,3.91E-08,2.527283105,1.61,2.912701349,0,28.19,28.19,1.152502995,0.000346617,4.250673516,4.385,2.336639252,0.33,15.94,15.61,0.549710356,0.000448688,3.157454338,3.17,1.8521018,0.23,10.92,10.69,0.586580708,0.000290433,179.676758,183.955,73.89799855,58.48,314.25,255.77,0.411283014,0.005514293,184.4232877,185.5,40.73239493,50,305.1,255.1,0.22086362,-0.009850825,4.119121005,4.105,0.711758244,2.31,6.21,3.9,0.172793721,0.0001983,4.613013699,4,2.411164018,0,10,10,0.522687374,0.00182034,4.895547945,5,1.435919128,0.5,10,9.5,0.293311217,0.000346801
40,OK,34.076,-94.852,8.2,7.36,6.65,23.41666,33.33333,33.33333,33.33333,1.7,7.5,30.8,20.8,11.7,0.8,26.7,0,50,30.791,0.3,15.17833333,0.61680912,27.09,3.31,0,0,0,8,0,0,0,0,5,0,76,0,1,0,0,0,11,0,0,0,0,0,12,0,0,0,0,0,0,1,114,7,23.66689498,23.3,8.420785869,0.2,56.1,55.9,0.355804421,0.007122367,17.91222603,17.95,2.388060809,8.71,24.59,15.88,0.133320158,-0.002254921,16.13858447,16.02,2.880880376,6.35,24.96,18.61,0.178508864,-0.002289942,27.01940639,26.3,9.031844354,3,71.3,68.3,0.334272494,0.008299171,290.3457648,291.885,11.15145859,259.91,314.9,54.99,0.038407513,0.001608411,88.74480594,89.85,7.39852292,53.91,100,46.09,0.083368518,-0.010288191,0.70353653,0.6535,0.491226751,0.026,3.917,3.891,0.69822494,0.000178134,278.0580023,278.39,10.54306508,250.08,296.73,46.65,0.037916784,0.001957951,44.22480594,43.88,10.43854286,14.18,79.44,65.26,0.236033661,-0.002912341,0.006826547,0.0056475,0.004286843,0.000784,0.017833,0.017049,0.627966593,-6.73E-09,2.521917808,1.575,2.926631141,0,26.17,26.17,1.160478399,0.000478079,4.458732877,4.56,2.422153532,0.28,15.98,15.7,0.54323809,0.000706395,3.272271689,3.295,1.893412511,0.2,10.94,10.74,0.578623259,0.00044365,179.851016,183.995,74.40817769,59.14,314.67,255.53,0.413721197,0.0053851,186.6342466,188.45,42.25272508,54.9,315.6,260.7,0.226393204,-0.014146619,4.455913242,4.46,0.781115852,2.51,6.68,4.17,0.175298712,0.000202163,4.433219178,4,2.486916293,0,10,10,0.560973007,0.001741692,4.845890411,5,1.455071122,0.5,10,9.5,0.300269094,0.000337693
41,OK,34.528,-95.489,13.9,7.31,7.88333,28.41666,16.66667,33.33333,50,6.7,0,14.2,13.3,26.7,36.7,2.5,100,66.66666667,19.615,0.88,10.4175,0.58449487,18.47,2.17,0,0,0,13,1,0,0,0,6,0,19,5,0,0,0,0,22,0,0,0,0,0,1,0,0,0,0,0,0,0,67,7,25.06655251,24.7,8.659387309,1.4,56,54.6,0.345455854,0.00335925,17.49940639,17.515,2.332518063,8.76,24.14,15.38,0.133291268,5.93E-06,15.79769406,15.755,2.833760942,5.81,24.55,18.74,0.179378138,-9.38E-05,28.38458904,27.7,8.896554278,4.7,71.3,66.6,0.313429032,0.001037821,291.4289155,292.615,10.93705473,259.99,315.23,55.24,0.037529065,0.000390343,88.18783105,88.91,7.447489991,52.53,100,47.47,0.084450314,-0.002230702,0.767469178,0.7095,0.522934757,0.028,4.077,4.049,0.681375581,1.55E-06,278.7492352,279.175,10.33310857,252.2,297.42,45.22,0.037069549,9.03E-05,42.54202055,41.93,10.44752676,12.65,78.46,65.81,0.245581348,0.001009083,0.007017437,0.0057595,0.004358255,0.000859,0.017981,0.017122,0.621060785,7.83E-08,2.448447489,1.57,2.829685327,0,27.38,27.38,1.155705949,0.00068436,4.837328767,4.93,2.561575025,0.3,16.4,16.1,0.529543297,7.32E-05,3.507294521,3.55,1.972889048,0.22,11.2,10.98,0.56251023,5.47E-05,182.0697489,184.645,75.2539062,63.05,321.31,258.26,0.4133246,0.004699607,185.9159817,186.1,42.28393015,53.5,317.9,264.4,0.227435693,-0.010462837,4.682739726,4.685,0.78567063,2.78,6.94,4.16,0.167780119,0.00019288,4.587328767,4,2.276560469,0,10,10,0.496271487,0.003764912,4.930936073,5,1.418071409,1,10,9,0.287586655,0.000935055
42,OK,34.345,-95.634,9.1,7.25,2.73333,24.08333,33.33333,33.33333,33.33333,9.6,0,32.5,5.4,5.8,17.5,29.2,66.66666667,16.66666667,3.6,2.06,1.386666667,0.62251557,2.52,0.39,0,0,0,38,1,0,0,0,0,0,24,0,0,0,0,0,2,0,0,0,0,0,0,0,0,0,0,0,0,0,65,4,24.60091324,24.3,8.415567716,4.6,53.8,49.2,0.342083549,0.002794874,17.47302511,17.5,2.329708735,8.54,24.22,15.68,0.133331734,-0.000262097,15.82545662,15.775,2.85122879,5.74,25.09,19.35,0.180167237,-0.000349369,28.55273973,27.6,8.944282339,3.9,70.5,66.6,0.313254785,0.001627752,291.377911,292.77,11.05584585,259.94,315.46,55.52,0.037943322,0.000470872,88.49876712,89.35,7.300875133,53.34,100,46.66,0.082496913,-0.003376634,0.768020548,0.718,0.521783812,0.032,4.093,4.061,0.679387828,2.54E-05,278.5533676,278.91,10.37934743,252.06,297.09,45.03,0.037261612,0.000427796,42.31997717,41.575,10.65783115,12.54,78.61,66.07,0.251839246,0.000987178,0.006970489,0.005689,0.004363244,0.000849,0.017983,0.017134,0.625959599,7.91E-08,2.343093607,1.49,2.631713792,0,20.7,20.7,1.12317911,0.000450499,4.704486301,4.845,2.523031098,0.3,15.69,15.39,0.536303209,0.000139703,3.432865297,3.46,1.95835469,0.22,10.82,10.6,0.570472337,9.39E-05,181.8953653,185.435,74.69364932,63.91,321.73,257.82,0.41064075,0.004538298,184.2323059,185.1,43.72081173,53,318.3,265.3,0.237313491,-0.015900368,4.346506849,4.3,0.742714624,2.45,6.45,4,0.170876212,0.000184977,4.450342466,4,2.103104331,0,10,10,0.472571346,0.002695995,4.864726027,5,1.388644437,1,10,9,0.285451725,0.000611232
43,OK,34.02,-95.361,10.3,8,6.48333,12.08333,50,33.333333,16.66667,6.7,0,4.2,5.8,0.8,4.2,78.3,100,16.66666667,15.101,0.52,5.905833333,0.65223159,11.48,1.62,0,0,0,57,0,0,0,0,0,0,153,3,27,0,0,0,16,0,0,2,0,0,0,0,0,2,0,0,0,0,260,7,22.793379,22.3,7.849160267,4.6,52.8,48.2,0.344361416,0.004823571,17.85761416,17.88,2.344295689,8.81,24.9,16.09,0.131277094,-0.00103977,16.14737443,16.06,2.896045556,5.94,25.87,19.93,0.179350864,-0.001101051,27.28299087,26.9,8.872269441,2.6,70.7,68.1,0.325194165,0.00435472,290.7315068,292.35,11.17195252,259.64,315.14,55.5,0.038427044,0.000997415,89.24248858,90.42,7.003298487,53.81,100,46.19,0.078474935,-0.005515907,0.728350457,0.6905,0.501565551,0.028,3.988,3.96,0.688632163,0.000104412,278.181484,278.55,10.52546729,250.99,296.82,45.83,0.037836693,0.000772033,43.5076484,42.48,11.03177555,13.61,81.36,67.75,0.253559454,-0.001261788,0.006860839,0.0056095,0.004318914,0.000802,0.018206,0.017404,0.629502308,-3.64E-08,2.435696347,1.415,2.791403895,0,18.81,18.81,1.146039365,0.000574101,4.387054795,4.52,2.421401817,0.27,15.06,14.79,0.55194246,0.000382536,3.247614155,3.24,1.909582754,0.21,10.46,10.25,0.587995575,0.000240467,180.6658676,183.93,75.4893224,61.58,318.46,256.88,0.417839426,0.00481424,181.610274,182.7,42.99778278,48.5,316.8,268.3,0.236758537,-0.015258545,3.957020548,3.91,0.710969275,2.06,6.04,3.98,0.179672879,0.000198823,4.684931507,4,2.348744223,0,10,10,0.501340141,0.00271793,4.920091324,5,1.426832873,0.5,10,9.5,0.290001298,0.000631034
44,OK,34.607396,-96.558086,9,8.2,7.05,33.5,50,16.66667,33.33333,35,18.3,28.3,10.8,5.8,1.7,0,50,100,48.853,0.33,12.39583333,0.66995936,26.53,3.28,0,0,0,1,8,0,0,0,0,0,20,0,11,1,0,0,4,0,0,0,0,0,0,0,0,29,6,0,0,0,80,8,26.91621005,26.35,8.95380648,3.1,64.1,61,0.3326548,0.004088205,16.90675799,16.885,2.277062915,9.06,24.02,14.96,0.134683593,-0.000478335,15.33635845,15.35,2.798002689,5.72,24.21,18.49,0.182442442,-0.000412635,30.693379,29.9,8.964840098,5.8,70.5,64.7,0.292077327,0.002354335,291.5157306,292.46,10.8987742,260.09,314.56,54.47,0.037386573,0.000493094,87.2286758,87.865,7.502394448,52.51,100,47.49,0.08600835,-0.00309095,0.81219863,0.7365,0.54603071,0.033,3.981,3.948,0.672287159,8.77E-06,278.3951484,278.615,10.44840365,251.83,297.73,45.9,0.03753084,8.13E-05,40.08824201,39.215,10.14944042,11.3,79.31,68.01,0.253177488,0.000693956,0.006791873,0.005592,0.004226839,0.00083,0.017247,0.016417,0.62233777,8.82E-08,2.21326484,1.31,2.471125643,0,15.95,15.95,1.11650698,0.000257756,4.972614155,4.96,2.615195697,0.32,15.52,15.2,0.52591969,8.39E-05,3.586746575,3.53,2.00600879,0.23,10.69,10.46,0.55928367,5.11E-05,184.2631735,187.185,73.47763313,67.9,316.98,249.08,0.398764613,0.002247565,181.0219178,180.75,42.56819159,51.8,318,266.2,0.235154903,-0.007603493,4.551872146,4.52,0.738999949,2.62,6.82,4.2,0.16235077,0.000155931,4.384703196,4,2.182682732,0,10,10,0.497794864,0.001503087,4.841324201,5,1.367197273,0,10,10,0.282401512,0.000360078
45,OK,34.329359,-96.419486,9.9,7.91,6.21666,44,33.33333,33.33333,33.33333,5,19.2,18.3,7.5,19.2,30.8,0,33.33333333,0,44.514,0.23,12.555,0.64559832,25.22,2.99,0,0,0,4,0,0,0,0,0,0,28,0,57,0,0,0,33,0,0,1,0,0,6,0,0,0,0,0,1,0,130,7,26.14691781,25.65,8.85294895,5.2,57.4,52.2,0.338584801,0.00313584,17.24541096,17.26,2.367012488,8.64,24.69,16.05,0.137254629,-0.000589192,15.63875571,15.595,2.953002331,5.56,25.43,19.87,0.188825913,-0.000619647,29.6130137,28.8,9.296602441,4.2,72.4,68.2,0.313936384,0.002583622,290.9657078,292.11,11.0333551,259.3,314.61,55.31,0.037919778,0.000599473,87.87181507,88.82,7.43011964,52.65,100,47.35,0.084556346,-0.004255029,0.7761621,0.705,0.532596572,0.03,3.973,3.943,0.686192448,3.59E-05,278.1683562,278.49,10.49328124,250.46,297.35,46.89,0.037722771,0.000346782,41.40160959,40.105,10.79063166,11.66,82.91,71.25,0.260633144,0.000566792,0.006735284,0.005564,0.004179362,0.000808,0.017119,0.016311,0.620517518,7.34E-08,2.260799087,1.37,2.544249187,0,16.27,16.27,1.125376068,0.000317089,4.783481735,4.83,2.604639977,0.3,14.91,14.61,0.544507144,0.000162147,3.471392694,3.425,2.001310844,0.22,10.35,10.13,0.576515255,0.00010319,183.5645776,187.685,74.4085719,66.98,318.18,251.2,0.405353652,0.002821452,180.6589041,179.75,42.83837924,50.4,320.7,270.3,0.237122988,-0.00612203,4.44847032,4.41,0.714864957,2.63,6.66,4.03,0.160699051,0.000162058,4.511415525,4,2.125858904,0,10,10,0.471217712,0.0011582,4.887557078,5,1.389858232,0.5,10,9.5,0.28436665,0.00032953
46,OK,34.485,-95.983,7.1,6.08,10.11666,47.25,33.33333,16.66667,50,7.5,0,27.5,32.5,21.7,8.3,2.5,50,16.66666667,37.539,0.29,12.39833333,0.67030338,24.6,3.14,0,0,0,6,0,0,0,0,0,0,44,1,0,0,0,0,26,0,0,0,0,0,0,0,0,0,0,0,1,0,78,5,25.27328767,24.7,8.735407593,2,59.2,57.2,0.34563796,0.003475444,17.20086758,17.26,2.386155928,8.87,24.23,15.36,0.138722999,-0.000636232,15.59143836,15.58,2.856710554,5.7,24.8,19.1,0.183223029,-0.000569961,29.56438356,28.7,9.202506655,5.5,71.7,66.2,0.311270033,0.002760394,291.5550114,292.74,10.96829609,260.12,314.9,54.78,0.037619988,0.000463212,87.94340183,88.855,7.592961974,52.05,100,47.95,0.086339189,-0.003451728,0.790302511,0.733,0.536523024,0.035,4.02,3.985,0.678883106,1.51E-05,278.5104566,278.79,10.34688089,252.17,297.77,45.6,0.037150781,0.000197326,41.17916667,40.5,10.32517684,12.4,79.12,66.72,0.250737877,0.000804484,0.006912189,0.005715,0.004285872,0.000854,0.017683,0.016829,0.620045549,9.56E-08,2.244680365,1.365,2.557686421,0,18.07,18.07,1.139443486,0.000213801,4.785810502,4.85,2.543188262,0.33,14.87,14.54,0.531401789,0.000112547,3.480696347,3.47,1.966413441,0.26,10.32,10.06,0.564948288,7.26E-05,182.2325457,185.455,74.22824242,65.47,318.36,252.89,0.407327035,0.003594482,183.9058219,184.3,43.10731459,55.4,316.7,261.3,0.234398858,-0.012798064,4.346575342,4.315,0.739154557,2.46,6.52,4.06,0.170054468,0.000167756,4.39326484,4,2.105052159,0,10,10,0.479154396,0.001399581,4.860730594,5,1.312918397,1,10,9,0.270107214,0.000241814
